{"level":"info","message":"Hello from Acquisitions!","service":"devops-prod-api"}
{"level":"info","message":"::1 - - [20/Apr/2026:11:28:38 +0000] \"GET / HTTP/1.1\" 304 - \"-\" \"Mozilla/5.0 (Windows NT 10.0; Win64; x64) AppleWebKit/537.36 (KHTML, like Gecko) Chrome/147.0.0.0 Safari/537.36 Edg/147.0.0.0\"","service":"devops-prod-api"}
{"level":"info","message":"::1 - - [20/Apr/2026:11:28:38 +0000] \"GET /favicon.ico HTTP/1.1\" 404 150 \"-\" \"Mozilla/5.0 (Windows NT 10.0; Win64; x64) AppleWebKit/537.36 (KHTML, like Gecko) Chrome/147.0.0.0 Safari/537.36 Edg/147.0.0.0\"","service":"devops-prod-api"}
{"level":"info","message":"Hello from Acquisitions!","service":"devops-prod-api"}
{"level":"info","message":"::1 - - [20/Apr/2026:11:28:41 +0000] \"GET / HTTP/1.1\" 304 - \"-\" \"Mozilla/5.0 (Windows NT 10.0; Win64; x64) AppleWebKit/537.36 (KHTML, like Gecko) Chrome/147.0.0.0 Safari/537.36 Edg/147.0.0.0\"","service":"devops-prod-api"}
{"level":"info","message":"::1 - - [20/Apr/2026:11:45:46 +0000] \"GET /health HTTP/1.1\" 200 73 \"-\" \"Mozilla/5.0 (Windows NT 10.0; Win64; x64) AppleWebKit/537.36 (KHTML, like Gecko) Chrome/147.0.0.0 Safari/537.36 Edg/147.0.0.0\"","service":"devops-prod-api"}
{"level":"info","message":"::1 - - [20/Apr/2026:11:45:59 +0000] \"GET /api HTTP/1.1\" 200 40 \"-\" \"Mozilla/5.0 (Windows NT 10.0; Win64; x64) AppleWebKit/537.36 (KHTML, like Gecko) Chrome/147.0.0.0 Safari/537.36 Edg/147.0.0.0\"","service":"devops-prod-api"}
{"level":"info","message":"::1 - - [20/Apr/2026:11:46:04 +0000] \"GET /api/auth HTTP/1.1\" 404 147 \"-\" \"Mozilla/5.0 (Windows NT 10.0; Win64; x64) AppleWebKit/537.36 (KHTML, like Gecko) Chrome/147.0.0.0 Safari/537.36 Edg/147.0.0.0\"","service":"devops-prod-api"}
{"level":"info","message":"::1 - - [20/Apr/2026:11:46:13 +0000] \"GET /api/auth/sign-in HTTP/1.1\" 404 155 \"-\" \"Mozilla/5.0 (Windows NT 10.0; Win64; x64) AppleWebKit/537.36 (KHTML, like Gecko) Chrome/147.0.0.0 Safari/537.36 Edg/147.0.0.0\"","service":"devops-prod-api"}
{"level":"info","message":"::1 - - [20/Apr/2026:11:46:17 +0000] \"GET /api/auth/sign-in HTTP/1.1\" 404 155 \"-\" \"Mozilla/5.0 (Windows NT 10.0; Win64; x64) AppleWebKit/537.36 (KHTML, like Gecko) Chrome/147.0.0.0 Safari/537.36 Edg/147.0.0.0\"","service":"devops-prod-api"}
{"level":"info","message":"Hello from Acquisitions!","service":"devops-prod-api"}
{"level":"info","message":"::1 - - [20/Apr/2026:11:51:25 +0000] \"GET / HTTP/1.1\" 200 23 \"-\" \"HTTPie\"","service":"devops-prod-api"}
{"level":"info","message":"Hello from Acquisitions!","service":"devops-prod-api"}
{"level":"info","message":"::1 - - [20/Apr/2026:11:53:32 +0000] \"GET / HTTP/1.1\" 200 23 \"-\" \"HTTPie\"","service":"devops-prod-api"}
{"level":"info","message":"::1 - - [20/Apr/2026:11:53:35 +0000] \"GET /api HTTP/1.1\" 200 40 \"-\" \"HTTPie\"","service":"devops-prod-api"}
{"level":"info","message":"::1 - - [20/Apr/2026:11:53:39 +0000] \"GET /health HTTP/1.1\" 200 75 \"-\" \"HTTPie\"","service":"devops-prod-api"}
{"level":"info","message":"::1 - - [20/Apr/2026:12:00:28 +0000] \"POST /api/auth/sign-in HTTP/1.1\" 404 156 \"-\" \"HTTPie\"","service":"devops-prod-api"}
{"level":"info","message":"::1 - - [20/Apr/2026:12:01:24 +0000] \"POST /api/auth/sign-in/ HTTP/1.1\" 404 157 \"-\" \"HTTPie\"","service":"devops-prod-api"}
{"level":"info","message":"::1 - - [20/Apr/2026:12:01:26 +0000] \"POST /api/auth/sign-in HTTP/1.1\" 404 156 \"-\" \"HTTPie\"","service":"devops-prod-api"}
{"level":"info","message":"::1 - - [20/Apr/2026:12:02:06 +0000] \"POST /api/auth/sign-in HTTP/1.1\" 404 156 \"-\" \"HTTPie\"","service":"devops-prod-api"}
{"level":"info","message":"::1 - - [20/Apr/2026:12:53:17 +0000] \"POST /api HTTP/1.1\" 404 143 \"-\" \"HTTPie\"","service":"devops-prod-api"}
{"level":"info","message":"::1 - - [20/Apr/2026:12:53:31 +0000] \"POST /api/auth/sign-in HTTP/1.1\" 404 156 \"-\" \"HTTPie\"","service":"devops-prod-api"}
{"level":"info","message":"::1 - - [20/Apr/2026:12:53:45 +0000] \"POST / HTTP/1.1\" 404 140 \"-\" \"HTTPie\"","service":"devops-prod-api"}
{"level":"info","message":"::1 - - [20/Apr/2026:12:53:47 +0000] \"POST / HTTP/1.1\" 404 140 \"-\" \"HTTPie\"","service":"devops-prod-api"}
{"level":"info","message":"Hello from Acquisitions!","service":"devops-prod-api"}
{"level":"info","message":"::1 - - [20/Apr/2026:12:53:51 +0000] \"GET / HTTP/1.1\" 200 23 \"-\" \"HTTPie\"","service":"devops-prod-api"}
{"level":"info","message":"::1 - - [20/Apr/2026:13:03:01 +0000] \"POST /api/auth/sign-in HTTP/1.1\" 200 31 \"-\" \"HTTPie\"","service":"devops-prod-api"}
{"level":"info","message":"Hello from Acquisitions!","service":"devops-prod-api"}
{"level":"info","message":"::1 - - [03/May/2026:06:46:23 +0000] \"GET / HTTP/1.1\" 200 23 \"-\" \"HTTPie\"","service":"devops-prod-api"}
{"level":"info","message":"::1 - - [03/May/2026:06:46:50 +0000] \"GET /api HTTP/1.1\" 200 40 \"-\" \"HTTPie\"","service":"devops-prod-api"}
{"level":"info","message":"::1 - - [03/May/2026:06:47:05 +0000] \"GET /health HTTP/1.1\" 200 75 \"-\" \"HTTPie\"","service":"devops-prod-api"}
{"level":"info","message":"::1 - - [03/May/2026:06:47:45 +0000] \"POST /api/auth/sign-in HTTP/1.1\" 200 31 \"-\" \"HTTPie\"","service":"devops-prod-api"}
{"level":"info","message":"::1 - - [03/May/2026:06:48:29 +0000] \"POST /api/auth/sign-out HTTP/1.1\" 200 32 \"-\" \"HTTPie\"","service":"devops-prod-api"}
{"level":"info","message":"::1 - - [03/May/2026:06:48:32 +0000] \"POST /api/auth/sign-in HTTP/1.1\" 200 31 \"-\" \"HTTPie\"","service":"devops-prod-api"}
{"level":"info","message":"::1 - - [03/May/2026:06:48:35 +0000] \"POST /api/auth/sign-up HTTP/1.1\" 200 31 \"-\" \"HTTPie\"","service":"devops-prod-api"}
{"level":"info","message":"::1 - - [03/May/2026:07:20:56 +0000] \"POST /api/auth/sign-up HTTP/1.1\" 200 31 \"-\" \"HTTPie\"","service":"devops-prod-api"}
{"level":"info","message":"::1 - - [03/May/2026:07:20:58 +0000] \"POST /api/auth/sign-up HTTP/1.1\" 200 31 \"-\" \"HTTPie\"","service":"devops-prod-api"}
{"level":"info","message":"::1 - - [03/May/2026:07:22:28 +0000] \"POST /api/auth/sign-up HTTP/1.1\" 200 31 \"-\" \"HTTPie\"","service":"devops-prod-api"}
{"level":"info","message":"::1 - - [03/May/2026:07:28:52 +0000] \"POST /api/auth/sign-up HTTP/1.1\" 400 115 \"-\" \"HTTPie\"","service":"devops-prod-api"}
{"level":"error","message":"Signup error createUser is not defined","service":"devops-prod-api","stack":"ReferenceError: createUser is not defined\n    at signup (file:///D:/RAJAT%20RAI/DEVOPS%202026/devops-prod-api/src/controllers/auth.controller.js:21:18)\n    at Layer.handleRequest (D:\\RAJAT RAI\\DEVOPS 2026\\devops-prod-api\\node_modules\\router\\lib\\layer.js:152:17)\n    at next (D:\\RAJAT RAI\\DEVOPS 2026\\devops-prod-api\\node_modules\\router\\lib\\route.js:157:13)\n    at Route.dispatch (D:\\RAJAT RAI\\DEVOPS 2026\\devops-prod-api\\node_modules\\router\\lib\\route.js:117:3)\n    at handle (D:\\RAJAT RAI\\DEVOPS 2026\\devops-prod-api\\node_modules\\router\\index.js:435:11)\n    at Layer.handleRequest (D:\\RAJAT RAI\\DEVOPS 2026\\devops-prod-api\\node_modules\\router\\lib\\layer.js:152:17)\n    at D:\\RAJAT RAI\\DEVOPS 2026\\devops-prod-api\\node_modules\\router\\index.js:295:15\n    at processParams (D:\\RAJAT RAI\\DEVOPS 2026\\devops-prod-api\\node_modules\\router\\index.js:582:12)\n    at next (D:\\RAJAT RAI\\DEVOPS 2026\\devops-prod-api\\node_modules\\router\\index.js:291:5)\n    at router.handle (D:\\RAJAT RAI\\DEVOPS 2026\\devops-prod-api\\node_modules\\router\\index.js:186:3)"}
{"level":"info","message":"::1 - - [03/May/2026:07:29:46 +0000] \"POST /api/auth/sign-up HTTP/1.1\" 500 1293 \"-\" \"HTTPie\"","service":"devops-prod-api"}
{"level":"error","message":"Signup error createUser is not defined","service":"devops-prod-api","stack":"ReferenceError: createUser is not defined\n    at signup (file:///D:/RAJAT%20RAI/DEVOPS%202026/devops-prod-api/src/controllers/auth.controller.js:21:18)\n    at Layer.handleRequest (D:\\RAJAT RAI\\DEVOPS 2026\\devops-prod-api\\node_modules\\router\\lib\\layer.js:152:17)\n    at next (D:\\RAJAT RAI\\DEVOPS 2026\\devops-prod-api\\node_modules\\router\\lib\\route.js:157:13)\n    at Route.dispatch (D:\\RAJAT RAI\\DEVOPS 2026\\devops-prod-api\\node_modules\\router\\lib\\route.js:117:3)\n    at handle (D:\\RAJAT RAI\\DEVOPS 2026\\devops-prod-api\\node_modules\\router\\index.js:435:11)\n    at Layer.handleRequest (D:\\RAJAT RAI\\DEVOPS 2026\\devops-prod-api\\node_modules\\router\\lib\\layer.js:152:17)\n    at D:\\RAJAT RAI\\DEVOPS 2026\\devops-prod-api\\node_modules\\router\\index.js:295:15\n    at processParams (D:\\RAJAT RAI\\DEVOPS 2026\\devops-prod-api\\node_modules\\router\\index.js:582:12)\n    at next (D:\\RAJAT RAI\\DEVOPS 2026\\devops-prod-api\\node_modules\\router\\index.js:291:5)\n    at router.handle (D:\\RAJAT RAI\\DEVOPS 2026\\devops-prod-api\\node_modules\\router\\index.js:186:3)"}
{"level":"info","message":"::1 - - [03/May/2026:07:30:10 +0000] \"POST /api/auth/sign-up HTTP/1.1\" 500 1293 \"-\" \"HTTPie\"","service":"devops-prod-api"}
{"level":"error","message":"Signup error signupSchema is not defined","service":"devops-prod-api","stack":"ReferenceError: signupSchema is not defined\n    at signup (file:///D:/RAJAT%20RAI/DEVOPS%202026/devops-prod-api/src/controllers/auth.controller.js:5:30)\n    at Layer.handleRequest (D:\\RAJAT RAI\\DEVOPS 2026\\devops-prod-api\\node_modules\\router\\lib\\layer.js:152:17)\n    at next (D:\\RAJAT RAI\\DEVOPS 2026\\devops-prod-api\\node_modules\\router\\lib\\route.js:157:13)\n    at Route.dispatch (D:\\RAJAT RAI\\DEVOPS 2026\\devops-prod-api\\node_modules\\router\\lib\\route.js:117:3)\n    at handle (D:\\RAJAT RAI\\DEVOPS 2026\\devops-prod-api\\node_modules\\router\\index.js:435:11)\n    at Layer.handleRequest (D:\\RAJAT RAI\\DEVOPS 2026\\devops-prod-api\\node_modules\\router\\lib\\layer.js:152:17)\n    at D:\\RAJAT RAI\\DEVOPS 2026\\devops-prod-api\\node_modules\\router\\index.js:295:15\n    at processParams (D:\\RAJAT RAI\\DEVOPS 2026\\devops-prod-api\\node_modules\\router\\index.js:582:12)\n    at next (D:\\RAJAT RAI\\DEVOPS 2026\\devops-prod-api\\node_modules\\router\\index.js:291:5)\n    at router.handle (D:\\RAJAT RAI\\DEVOPS 2026\\devops-prod-api\\node_modules\\router\\index.js:186:3)"}
{"level":"info","message":"::1 - - [03/May/2026:09:11:49 +0000] \"POST /api/auth/sign-up HTTP/1.1\" 500 1294 \"-\" \"HTTPie\"","service":"devops-prod-api"}
{"level":"error","message":"Signup error signupSchema is not defined","service":"devops-prod-api","stack":"ReferenceError: signupSchema is not defined\n    at signup (file:///D:/RAJAT%20RAI/DEVOPS%202026/devops-prod-api/src/controllers/auth.controller.js:6:30)\n    at Layer.handleRequest (D:\\RAJAT RAI\\DEVOPS 2026\\devops-prod-api\\node_modules\\router\\lib\\layer.js:152:17)\n    at next (D:\\RAJAT RAI\\DEVOPS 2026\\devops-prod-api\\node_modules\\router\\lib\\route.js:157:13)\n    at Route.dispatch (D:\\RAJAT RAI\\DEVOPS 2026\\devops-prod-api\\node_modules\\router\\lib\\route.js:117:3)\n    at handle (D:\\RAJAT RAI\\DEVOPS 2026\\devops-prod-api\\node_modules\\router\\index.js:435:11)\n    at Layer.handleRequest (D:\\RAJAT RAI\\DEVOPS 2026\\devops-prod-api\\node_modules\\router\\lib\\layer.js:152:17)\n    at D:\\RAJAT RAI\\DEVOPS 2026\\devops-prod-api\\node_modules\\router\\index.js:295:15\n    at processParams (D:\\RAJAT RAI\\DEVOPS 2026\\devops-prod-api\\node_modules\\router\\index.js:582:12)\n    at next (D:\\RAJAT RAI\\DEVOPS 2026\\devops-prod-api\\node_modules\\router\\index.js:291:5)\n    at router.handle (D:\\RAJAT RAI\\DEVOPS 2026\\devops-prod-api\\node_modules\\router\\index.js:186:3)"}
{"level":"info","message":"::1 - - [03/May/2026:09:13:00 +0000] \"POST /api/auth/sign-up HTTP/1.1\" 500 1294 \"-\" \"HTTPie\"","service":"devops-prod-api"}
{"level":"error","message":"Signup error signupSchema is not defined","service":"devops-prod-api","stack":"ReferenceError: signupSchema is not defined\n    at signup (file:///D:/RAJAT%20RAI/DEVOPS%202026/devops-prod-api/src/controllers/auth.controller.js:6:30)\n    at Layer.handleRequest (D:\\RAJAT RAI\\DEVOPS 2026\\devops-prod-api\\node_modules\\router\\lib\\layer.js:152:17)\n    at next (D:\\RAJAT RAI\\DEVOPS 2026\\devops-prod-api\\node_modules\\router\\lib\\route.js:157:13)\n    at Route.dispatch (D:\\RAJAT RAI\\DEVOPS 2026\\devops-prod-api\\node_modules\\router\\lib\\route.js:117:3)\n    at handle (D:\\RAJAT RAI\\DEVOPS 2026\\devops-prod-api\\node_modules\\router\\index.js:435:11)\n    at Layer.handleRequest (D:\\RAJAT RAI\\DEVOPS 2026\\devops-prod-api\\node_modules\\router\\lib\\layer.js:152:17)\n    at D:\\RAJAT RAI\\DEVOPS 2026\\devops-prod-api\\node_modules\\router\\index.js:295:15\n    at processParams (D:\\RAJAT RAI\\DEVOPS 2026\\devops-prod-api\\node_modules\\router\\index.js:582:12)\n    at next (D:\\RAJAT RAI\\DEVOPS 2026\\devops-prod-api\\node_modules\\router\\index.js:291:5)\n    at router.handle (D:\\RAJAT RAI\\DEVOPS 2026\\devops-prod-api\\node_modules\\router\\index.js:186:3)"}
{"level":"info","message":"::1 - - [03/May/2026:09:13:01 +0000] \"POST /api/auth/sign-up HTTP/1.1\" 500 1294 \"-\" \"HTTPie\"","service":"devops-prod-api"}
{"level":"info","message":"User registered successfully: mailmerairajat@gmail.com","service":"devops-prod-api"}
{"level":"info","message":"::1 - - [03/May/2026:09:15:58 +0000] \"POST /api/auth/sign-up HTTP/1.1\" 201 113 \"-\" \"HTTPie\"","service":"devops-prod-api"}
{"level":"info","message":"User mailmerairajat@gmail.com created successfully","service":"devops-prod-api"}
{"level":"info","message":"User registered successfully: mailmerairajat@gmail.com","service":"devops-prod-api"}
{"level":"info","message":"::1 - - [03/May/2026:09:34:25 +0000] \"POST /api/auth/sign-up HTTP/1.1\" 201 113 \"-\" \"HTTPie\"","service":"devops-prod-api"}
{"level":"info","message":"User rajatavc@gmail.com created successfully","service":"devops-prod-api"}
{"level":"info","message":"User registered successfully: rajatavc@gmail.com","service":"devops-prod-api"}
{"level":"info","message":"::1 - - [03/May/2026:09:35:11 +0000] \"POST /api/auth/sign-up HTTP/1.1\" 201 107 \"-\" \"HTTPie\"","service":"devops-prod-api"}
{"level":"info","message":"User rajatavc@gmail.com authenticated successfully","service":"devops-prod-api"}
{"level":"info","message":"User signed in successfully: rajatavc@gmail.com","service":"devops-prod-api"}
{"level":"info","message":"::1 - - [03/May/2026:09:50:28 +0000] \"POST /api/auth/sign-in HTTP/1.1\" 200 119 \"-\" \"HTTPie\"","service":"devops-prod-api"}
{"level":"info","message":"User mailmerairajat@gmail.com authenticated successfully","service":"devops-prod-api"}
{"level":"info","message":"User signed in successfully: mailmerairajat@gmail.com","service":"devops-prod-api"}
{"level":"info","message":"::1 - - [03/May/2026:09:50:47 +0000] \"POST /api/auth/sign-in HTTP/1.1\" 200 125 \"-\" \"HTTPie\"","service":"devops-prod-api"}
{"level":"info","message":"::1 - - [03/May/2026:09:51:13 +0000] \"POST /api/auth/sign-in HTTP/1.1\" 400 144 \"-\" \"HTTPie\"","service":"devops-prod-api"}
{"level":"info","message":"User rajatavc@gmail.com authenticated successfully","service":"devops-prod-api"}
{"level":"info","message":"User signed in successfully: rajatavc@gmail.com","service":"devops-prod-api"}
{"level":"info","message":"::1 - - [03/May/2026:09:51:37 +0000] \"POST /api/auth/sign-in HTTP/1.1\" 200 119 \"-\" \"HTTPie\"","service":"devops-prod-api"}
{"level":"info","message":"::1 - - [03/May/2026:09:51:45 +0000] \"POST /api/auth/sign-in HTTP/1.1\" 400 144 \"-\" \"HTTPie\"","service":"devops-prod-api"}
{"level":"info","message":"::1 - - [03/May/2026:09:52:04 +0000] \"POST /api/auth/sign-in HTTP/1.1\" 400 144 \"-\" \"HTTPie\"","service":"devops-prod-api"}
{"level":"info","message":"::1 - - [03/May/2026:09:52:05 +0000] \"POST /api/auth/sign-in HTTP/1.1\" 400 144 \"-\" \"HTTPie\"","service":"devops-prod-api"}
{"level":"info","message":"::1 - - [03/May/2026:09:52:06 +0000] \"POST /api/auth/sign-in HTTP/1.1\" 400 144 \"-\" \"HTTPie\"","service":"devops-prod-api"}
{"level":"info","message":"::1 - - [03/May/2026:09:52:06 +0000] \"POST /api/auth/sign-in HTTP/1.1\" 400 144 \"-\" \"HTTPie\"","service":"devops-prod-api"}
{"level":"info","message":"::1 - - [03/May/2026:09:52:06 +0000] \"POST /api/auth/sign-in HTTP/1.1\" 400 144 \"-\" \"HTTPie\"","service":"devops-prod-api"}
{"level":"info","message":"::1 - - [03/May/2026:09:52:06 +0000] \"POST /api/auth/sign-in HTTP/1.1\" 400 144 \"-\" \"HTTPie\"","service":"devops-prod-api"}
{"level":"info","message":"::1 - - [03/May/2026:09:52:07 +0000] \"POST /api/auth/sign-in HTTP/1.1\" 400 144 \"-\" \"HTTPie\"","service":"devops-prod-api"}
{"level":"info","message":"::1 - - [03/May/2026:09:52:07 +0000] \"POST /api/auth/sign-in HTTP/1.1\" 400 144 \"-\" \"HTTPie\"","service":"devops-prod-api"}
{"level":"info","message":"::1 - - [03/May/2026:09:52:07 +0000] \"POST /api/auth/sign-in HTTP/1.1\" 400 144 \"-\" \"HTTPie\"","service":"devops-prod-api"}
{"level":"info","message":"::1 - - [03/May/2026:09:52:07 +0000] \"POST /api/auth/sign-in HTTP/1.1\" 400 144 \"-\" \"HTTPie\"","service":"devops-prod-api"}
{"level":"info","message":"::1 - - [03/May/2026:09:52:07 +0000] \"POST /api/auth/sign-in HTTP/1.1\" 400 144 \"-\" \"HTTPie\"","service":"devops-prod-api"}
{"level":"info","message":"::1 - - [03/May/2026:09:52:07 +0000] \"POST /api/auth/sign-in HTTP/1.1\" 400 144 \"-\" \"HTTPie\"","service":"devops-prod-api"}
{"level":"info","message":"::1 - - [03/May/2026:09:52:08 +0000] \"POST /api/auth/sign-in HTTP/1.1\" 400 144 \"-\" \"HTTPie\"","service":"devops-prod-api"}
{"level":"info","message":"::1 - - [03/May/2026:09:52:08 +0000] \"POST /api/auth/sign-in HTTP/1.1\" 400 144 \"-\" \"HTTPie\"","service":"devops-prod-api"}
{"level":"info","message":"::1 - - [03/May/2026:09:52:08 +0000] \"POST /api/auth/sign-in HTTP/1.1\" 400 144 \"-\" \"HTTPie\"","service":"devops-prod-api"}
{"level":"info","message":"::1 - - [03/May/2026:09:52:08 +0000] \"POST /api/auth/sign-in HTTP/1.1\" 400 144 \"-\" \"HTTPie\"","service":"devops-prod-api"}
{"level":"info","message":"::1 - - [03/May/2026:09:52:08 +0000] \"POST /api/auth/sign-in HTTP/1.1\" 400 144 \"-\" \"HTTPie\"","service":"devops-prod-api"}
{"level":"info","message":"::1 - - [03/May/2026:09:52:08 +0000] \"POST /api/auth/sign-in HTTP/1.1\" 400 144 \"-\" \"HTTPie\"","service":"devops-prod-api"}
{"level":"info","message":"::1 - - [03/May/2026:09:52:09 +0000] \"POST /api/auth/sign-in HTTP/1.1\" 400 144 \"-\" \"HTTPie\"","service":"devops-prod-api"}
{"level":"info","message":"::1 - - [03/May/2026:09:52:09 +0000] \"POST /api/auth/sign-in HTTP/1.1\" 400 144 \"-\" \"HTTPie\"","service":"devops-prod-api"}
{"level":"info","message":"::1 - - [03/May/2026:09:52:09 +0000] \"POST /api/auth/sign-in HTTP/1.1\" 400 144 \"-\" \"HTTPie\"","service":"devops-prod-api"}
{"level":"info","message":"::1 - - [03/May/2026:09:52:09 +0000] \"POST /api/auth/sign-in HTTP/1.1\" 400 144 \"-\" \"HTTPie\"","service":"devops-prod-api"}
{"level":"info","message":"::1 - - [03/May/2026:09:52:09 +0000] \"POST /api/auth/sign-in HTTP/1.1\" 400 144 \"-\" \"HTTPie\"","service":"devops-prod-api"}
{"level":"info","message":"::1 - - [03/May/2026:09:52:09 +0000] \"POST /api/auth/sign-in HTTP/1.1\" 400 144 \"-\" \"HTTPie\"","service":"devops-prod-api"}
{"level":"info","message":"::1 - - [03/May/2026:09:53:06 +0000] \"POST /api/auth/sign-in HTTP/1.1\" 400 144 \"-\" \"HTTPie\"","service":"devops-prod-api"}
{"level":"info","message":"::1 - - [03/May/2026:09:53:08 +0000] \"POST /api/auth/sign-in HTTP/1.1\" 400 144 \"-\" \"HTTPie\"","service":"devops-prod-api"}
{"level":"info","message":"User rajatavc@gmail.com authenticated successfully","service":"devops-prod-api"}
{"level":"info","message":"User signed in successfully: rajatavc@gmail.com","service":"devops-prod-api"}
{"level":"info","message":"::1 - - [03/May/2026:09:53:32 +0000] \"POST /api/auth/sign-in HTTP/1.1\" 200 119 \"-\" \"HTTPie\"","service":"devops-prod-api"}
{"level":"info","message":"User signed out successfully","service":"devops-prod-api"}
{"level":"info","message":"::1 - - [03/May/2026:09:53:44 +0000] \"POST /api/auth/sign-out HTTP/1.1\" 200 42 \"-\" \"HTTPie\"","service":"devops-prod-api"}
{"level":"info","message":"::1 - - [03/May/2026:10:40:21 +0000] \"GET /health HTTP/1.1\" 200 73 \"-\" \"HTTPie\"","service":"devops-prod-api"}
{"level":"info","message":"::1 - - [03/May/2026:10:40:23 +0000] \"GET /health HTTP/1.1\" 200 73 \"-\" \"HTTPie\"","service":"devops-prod-api"}
{"level":"info","message":"::1 - - [03/May/2026:10:40:24 +0000] \"GET /health HTTP/1.1\" 200 73 \"-\" \"HTTPie\"","service":"devops-prod-api"}
{"level":"info","message":"::1 - - [03/May/2026:10:40:25 +0000] \"GET /health HTTP/1.1\" 200 73 \"-\" \"HTTPie\"","service":"devops-prod-api"}
{"ip":"::1","level":"warn","message":"Rate limit exceeded","path":"/health","service":"devops-prod-api","userAgent":"HTTPie"}
{"level":"info","message":"::1 - - [03/May/2026:10:40:25 +0000] \"GET /health HTTP/1.1\" 403 51 \"-\" \"HTTPie\"","service":"devops-prod-api"}
{"ip":"::1","level":"warn","message":"Rate limit exceeded","path":"/health","service":"devops-prod-api","userAgent":"HTTPie"}
{"level":"info","message":"::1 - - [03/May/2026:10:40:25 +0000] \"GET /health HTTP/1.1\" 403 51 \"-\" \"HTTPie\"","service":"devops-prod-api"}
{"ip":"::1","level":"warn","message":"Rate limit exceeded","path":"/health","service":"devops-prod-api","userAgent":"HTTPie"}
{"level":"info","message":"::1 - - [03/May/2026:10:40:25 +0000] \"GET /health HTTP/1.1\" 403 51 \"-\" \"HTTPie\"","service":"devops-prod-api"}
{"ip":"::1","level":"warn","message":"Rate limit exceeded","path":"/health","service":"devops-prod-api","userAgent":"HTTPie"}
{"level":"info","message":"::1 - - [03/May/2026:10:40:25 +0000] \"GET /health HTTP/1.1\" 403 51 \"-\" \"HTTPie\"","service":"devops-prod-api"}
{"ip":"::1","level":"warn","message":"Rate limit exceeded","path":"/health","service":"devops-prod-api","userAgent":"HTTPie"}
{"level":"info","message":"::1 - - [03/May/2026:10:40:25 +0000] \"GET /health HTTP/1.1\" 403 51 \"-\" \"HTTPie\"","service":"devops-prod-api"}
{"ip":"::1","level":"warn","message":"Rate limit exceeded","path":"/health","service":"devops-prod-api","userAgent":"HTTPie"}
{"level":"info","message":"::1 - - [03/May/2026:10:40:26 +0000] \"GET /health HTTP/1.1\" 403 51 \"-\" \"HTTPie\"","service":"devops-prod-api"}
{"ip":"::1","level":"warn","message":"Rate limit exceeded","path":"/health","service":"devops-prod-api","userAgent":"HTTPie"}
{"level":"info","message":"::1 - - [03/May/2026:10:40:26 +0000] \"GET /health HTTP/1.1\" 403 51 \"-\" \"HTTPie\"","service":"devops-prod-api"}
{"ip":"::1","level":"warn","message":"Rate limit exceeded","path":"/health","service":"devops-prod-api","userAgent":"HTTPie"}
{"level":"info","message":"::1 - - [03/May/2026:10:40:26 +0000] \"GET /health HTTP/1.1\" 403 51 \"-\" \"HTTPie\"","service":"devops-prod-api"}
{"ip":"::1","level":"warn","message":"Rate limit exceeded","path":"/health","service":"devops-prod-api","userAgent":"HTTPie"}
{"level":"info","message":"::1 - - [03/May/2026:10:40:26 +0000] \"GET /health HTTP/1.1\" 403 51 \"-\" \"HTTPie\"","service":"devops-prod-api"}
{"ip":"::1","level":"warn","message":"Rate limit exceeded","path":"/health","service":"devops-prod-api","userAgent":"HTTPie"}
{"level":"info","message":"::1 - - [03/May/2026:10:40:27 +0000] \"GET /health HTTP/1.1\" 403 51 \"-\" \"HTTPie\"","service":"devops-prod-api"}
{"ip":"::1","level":"warn","message":"Rate limit exceeded","path":"/health","service":"devops-prod-api","userAgent":"HTTPie"}
{"level":"info","message":"::1 - - [03/May/2026:10:40:27 +0000] \"GET /health HTTP/1.1\" 403 51 \"-\" \"HTTPie\"","service":"devops-prod-api"}
{"ip":"::1","level":"warn","message":"Rate limit exceeded","path":"/health","service":"devops-prod-api","userAgent":"HTTPie"}
{"level":"info","message":"::1 - - [03/May/2026:10:40:27 +0000] \"GET /health HTTP/1.1\" 403 51 \"-\" \"HTTPie\"","service":"devops-prod-api"}
{"ip":"::1","level":"warn","message":"Rate limit exceeded","path":"/health","service":"devops-prod-api","userAgent":"HTTPie"}
{"level":"info","message":"::1 - - [03/May/2026:10:40:27 +0000] \"GET /health HTTP/1.1\" 403 51 \"-\" \"HTTPie\"","service":"devops-prod-api"}
{"ip":"::1","level":"warn","message":"Rate limit exceeded","path":"/health","service":"devops-prod-api","userAgent":"HTTPie"}
{"level":"info","message":"::1 - - [03/May/2026:10:40:27 +0000] \"GET /health HTTP/1.1\" 403 51 \"-\" \"HTTPie\"","service":"devops-prod-api"}
{"ip":"::1","level":"warn","message":"Rate limit exceeded","path":"/health","service":"devops-prod-api","userAgent":"HTTPie"}
{"level":"info","message":"::1 - - [03/May/2026:10:40:27 +0000] \"GET /health HTTP/1.1\" 403 51 \"-\" \"HTTPie\"","service":"devops-prod-api"}
{"ip":"::1","level":"warn","message":"Rate limit exceeded","path":"/health","service":"devops-prod-api","userAgent":"HTTPie"}
{"level":"info","message":"::1 - - [03/May/2026:10:40:27 +0000] \"GET /health HTTP/1.1\" 403 51 \"-\" \"HTTPie\"","service":"devops-prod-api"}
{"ip":"::1","level":"warn","message":"Rate limit exceeded","path":"/health","service":"devops-prod-api","userAgent":"HTTPie"}
{"level":"info","message":"::1 - - [03/May/2026:10:40:28 +0000] \"GET /health HTTP/1.1\" 403 51 \"-\" \"HTTPie\"","service":"devops-prod-api"}
{"ip":"::1","level":"warn","message":"Rate limit exceeded","path":"/health","service":"devops-prod-api","userAgent":"HTTPie"}
{"level":"info","message":"::1 - - [03/May/2026:10:40:28 +0000] \"GET /health HTTP/1.1\" 403 51 \"-\" \"HTTPie\"","service":"devops-prod-api"}
{"ip":"::1","level":"warn","message":"Rate limit exceeded","path":"/health","service":"devops-prod-api","userAgent":"HTTPie"}
{"level":"info","message":"::1 - - [03/May/2026:10:40:28 +0000] \"GET /health HTTP/1.1\" 403 51 \"-\" \"HTTPie\"","service":"devops-prod-api"}
{"level":"info","message":"::1 - - [03/May/2026:18:52:10 +0000] \"GET /health HTTP/1.1\" 200 75 \"-\" \"-\"","service":"devops-prod-api"}
{"level":"info","message":"::ffff:172.18.0.1 - - [03/May/2026:18:52:22 +0000] \"GET /health HTTP/1.1\" 200 76 \"-\" \"HTTPie\"","service":"devops-prod-api"}
{"level":"info","message":"::1 - - [03/May/2026:18:52:41 +0000] \"GET /health HTTP/1.1\" 200 76 \"-\" \"-\"","service":"devops-prod-api"}
{"level":"info","message":"::1 - - [03/May/2026:18:53:11 +0000] \"GET /health HTTP/1.1\" 200 76 \"-\" \"-\"","service":"devops-prod-api"}
{"level":"info","message":"::1 - - [03/May/2026:18:53:42 +0000] \"GET /health HTTP/1.1\" 200 76 \"-\" \"-\"","service":"devops-prod-api"}
{"level":"info","message":"::1 - - [03/May/2026:18:54:12 +0000] \"GET /health HTTP/1.1\" 200 77 \"-\" \"-\"","service":"devops-prod-api"}
{"level":"info","message":"::1 - - [03/May/2026:18:54:43 +0000] \"GET /health HTTP/1.1\" 200 77 \"-\" \"-\"","service":"devops-prod-api"}
{"level":"info","message":"::1 - - [03/May/2026:18:55:13 +0000] \"GET /health HTTP/1.1\" 200 77 \"-\" \"-\"","service":"devops-prod-api"}
{"level":"info","message":"::1 - - [03/May/2026:18:55:44 +0000] \"GET /health HTTP/1.1\" 200 77 \"-\" \"-\"","service":"devops-prod-api"}
{"level":"info","message":"::1 - - [03/May/2026:18:56:14 +0000] \"GET /health HTTP/1.1\" 200 77 \"-\" \"-\"","service":"devops-prod-api"}
{"level":"error","message":"Error creating the user: Error: Failed query: select \"id\", \"name\", \"email\", \"password\", \"role\", \"created_at\", \"updated_at\" from \"users\" where \"users\".\"email\" = $1 limit $2\nparams: testuser1@test.com,1","service":"devops-prod-api"}
{"cause":{"name":"NeonDbError","sourceError":{"cause":{"address":"::1","code":"ECONNREFUSED","errno":-111,"port":443,"syscall":"connect"}}},"level":"error","message":"Signup error Failed query: select \"id\", \"name\", \"email\", \"password\", \"role\", \"created_at\", \"updated_at\" from \"users\" where \"users\".\"email\" = $1 limit $2\nparams: testuser1@test.com,1","params":["testuser1@test.com",1],"query":"select \"id\", \"name\", \"email\", \"password\", \"role\", \"created_at\", \"updated_at\" from \"users\" where \"users\".\"email\" = $1 limit $2","service":"devops-prod-api","stack":"Error: Failed query: select \"id\", \"name\", \"email\", \"password\", \"role\", \"created_at\", \"updated_at\" from \"users\" where \"users\".\"email\" = $1 limit $2\nparams: testuser1@test.com,1\n    at NeonHttpPreparedQuery.queryWithCache (file:///app/node_modules/drizzle-orm/pg-core/session.js:41:15)\n    at process.processTicksAndRejections (node:internal/process/task_queues:95:5)\n    at async NeonHttpPreparedQuery.execute (file:///app/node_modules/drizzle-orm/neon-http/session.js:45:20)\n    at async createUser (file:///app/src/services/auth.service.js:27:26)\n    at async signup (file:///app/src/controllers/auth.controller.js:23:18)"}
{"level":"info","message":"::ffff:172.18.0.1 - - [03/May/2026:18:56:34 +0000] \"POST /api/auth/sign-up HTTP/1.1\" 500 917 \"-\" \"HTTPie\"","service":"devops-prod-api"}
{"level":"info","message":"::1 - - [03/May/2026:18:56:45 +0000] \"GET /health HTTP/1.1\" 200 77 \"-\" \"-\"","service":"devops-prod-api"}
{"level":"info","message":"::1 - - [03/May/2026:18:57:15 +0000] \"GET /health HTTP/1.1\" 200 77 \"-\" \"-\"","service":"devops-prod-api"}
{"level":"info","message":"::1 - - [03/May/2026:18:57:45 +0000] \"GET /health HTTP/1.1\" 200 77 \"-\" \"-\"","service":"devops-prod-api"}
{"level":"error","message":"Error creating the user: Error: Failed query: select \"id\", \"name\", \"email\", \"password\", \"role\", \"created_at\", \"updated_at\" from \"users\" where \"users\".\"email\" = $1 limit $2\nparams: testuser1@test.com,1","service":"devops-prod-api"}
{"cause":{"name":"NeonDbError","sourceError":{"cause":{"address":"::1","code":"ECONNREFUSED","errno":-111,"port":443,"syscall":"connect"}}},"level":"error","message":"Signup error Failed query: select \"id\", \"name\", \"email\", \"password\", \"role\", \"created_at\", \"updated_at\" from \"users\" where \"users\".\"email\" = $1 limit $2\nparams: testuser1@test.com,1","params":["testuser1@test.com",1],"query":"select \"id\", \"name\", \"email\", \"password\", \"role\", \"created_at\", \"updated_at\" from \"users\" where \"users\".\"email\" = $1 limit $2","service":"devops-prod-api","stack":"Error: Failed query: select \"id\", \"name\", \"email\", \"password\", \"role\", \"created_at\", \"updated_at\" from \"users\" where \"users\".\"email\" = $1 limit $2\nparams: testuser1@test.com,1\n    at NeonHttpPreparedQuery.queryWithCache (file:///app/node_modules/drizzle-orm/pg-core/session.js:41:15)\n    at process.processTicksAndRejections (node:internal/process/task_queues:95:5)\n    at async NeonHttpPreparedQuery.execute (file:///app/node_modules/drizzle-orm/neon-http/session.js:45:20)\n    at async createUser (file:///app/src/services/auth.service.js:27:26)\n    at async signup (file:///app/src/controllers/auth.controller.js:23:18)"}
{"level":"info","message":"::ffff:172.18.0.1 - - [03/May/2026:18:58:09 +0000] \"POST /api/auth/sign-up HTTP/1.1\" 500 917 \"-\" \"HTTPie\"","service":"devops-prod-api"}
{"level":"info","message":"::1 - - [03/May/2026:18:58:16 +0000] \"GET /health HTTP/1.1\" 200 77 \"-\" \"-\"","service":"devops-prod-api"}
{"level":"info","message":"::1 - - [03/May/2026:18:58:46 +0000] \"GET /health HTTP/1.1\" 200 77 \"-\" \"-\"","service":"devops-prod-api"}
{"level":"info","message":"::1 - - [03/May/2026:18:59:16 +0000] \"GET /health HTTP/1.1\" 200 77 \"-\" \"-\"","service":"devops-prod-api"}
{"level":"error","message":"Error creating the user: Error: Failed query: select \"id\", \"name\", \"email\", \"password\", \"role\", \"created_at\", \"updated_at\" from \"users\" where \"users\".\"email\" = $1 limit $2\nparams: testuser1@test.com,1","service":"devops-prod-api"}
{"cause":{"name":"NeonDbError","sourceError":{"cause":{"address":"::1","code":"ECONNREFUSED","errno":-111,"port":443,"syscall":"connect"}}},"level":"error","message":"Signup error Failed query: select \"id\", \"name\", \"email\", \"password\", \"role\", \"created_at\", \"updated_at\" from \"users\" where \"users\".\"email\" = $1 limit $2\nparams: testuser1@test.com,1","params":["testuser1@test.com",1],"query":"select \"id\", \"name\", \"email\", \"password\", \"role\", \"created_at\", \"updated_at\" from \"users\" where \"users\".\"email\" = $1 limit $2","service":"devops-prod-api","stack":"Error: Failed query: select \"id\", \"name\", \"email\", \"password\", \"role\", \"created_at\", \"updated_at\" from \"users\" where \"users\".\"email\" = $1 limit $2\nparams: testuser1@test.com,1\n    at NeonHttpPreparedQuery.queryWithCache (file:///app/node_modules/drizzle-orm/pg-core/session.js:41:15)\n    at process.processTicksAndRejections (node:internal/process/task_queues:95:5)\n    at async NeonHttpPreparedQuery.execute (file:///app/node_modules/drizzle-orm/neon-http/session.js:45:20)\n    at async createUser (file:///app/src/services/auth.service.js:27:26)\n    at async signup (file:///app/src/controllers/auth.controller.js:23:18)"}
{"level":"info","message":"::ffff:172.18.0.1 - - [03/May/2026:18:59:27 +0000] \"POST /api/auth/sign-up HTTP/1.1\" 500 917 \"-\" \"HTTPie\"","service":"devops-prod-api"}
{"level":"info","message":"::1 - - [03/May/2026:18:59:47 +0000] \"GET /health HTTP/1.1\" 200 77 \"-\" \"-\"","service":"devops-prod-api"}
{"level":"info","message":"::1 - - [03/May/2026:19:00:17 +0000] \"GET /health HTTP/1.1\" 200 77 \"-\" \"-\"","service":"devops-prod-api"}
{"level":"info","message":"::1 - - [03/May/2026:19:00:47 +0000] \"GET /health HTTP/1.1\" 200 77 \"-\" \"-\"","service":"devops-prod-api"}
{"level":"info","message":"::1 - - [03/May/2026:19:01:18 +0000] \"GET /health HTTP/1.1\" 200 77 \"-\" \"-\"","service":"devops-prod-api"}
{"level":"info","message":"::1 - - [03/May/2026:19:01:48 +0000] \"GET /health HTTP/1.1\" 200 75 \"-\" \"-\"","service":"devops-prod-api"}
{"level":"error","message":"Error creating the user: Error: Failed query: select \"id\", \"name\", \"email\", \"password\", \"role\", \"created_at\", \"updated_at\" from \"users\" where \"users\".\"email\" = $1 limit $2\nparams: testuser1@test.com,1","service":"devops-prod-api"}
{"cause":{"name":"NeonDbError","sourceError":{"cause":{"address":"::1","code":"ECONNREFUSED","errno":-111,"port":443,"syscall":"connect"}}},"level":"error","message":"Signup error Failed query: select \"id\", \"name\", \"email\", \"password\", \"role\", \"created_at\", \"updated_at\" from \"users\" where \"users\".\"email\" = $1 limit $2\nparams: testuser1@test.com,1","params":["testuser1@test.com",1],"query":"select \"id\", \"name\", \"email\", \"password\", \"role\", \"created_at\", \"updated_at\" from \"users\" where \"users\".\"email\" = $1 limit $2","service":"devops-prod-api","stack":"Error: Failed query: select \"id\", \"name\", \"email\", \"password\", \"role\", \"created_at\", \"updated_at\" from \"users\" where \"users\".\"email\" = $1 limit $2\nparams: testuser1@test.com,1\n    at NeonHttpPreparedQuery.queryWithCache (file:///app/node_modules/drizzle-orm/pg-core/session.js:41:15)\n    at process.processTicksAndRejections (node:internal/process/task_queues:95:5)\n    at async NeonHttpPreparedQuery.execute (file:///app/node_modules/drizzle-orm/neon-http/session.js:45:20)\n    at async createUser (file:///app/src/services/auth.service.js:27:26)\n    at async signup (file:///app/src/controllers/auth.controller.js:23:18)"}
{"level":"info","message":"::ffff:172.18.0.1 - - [03/May/2026:19:02:18 +0000] \"POST /api/auth/sign-up HTTP/1.1\" 500 917 \"-\" \"HTTPie\"","service":"devops-prod-api"}
{"level":"info","message":"::1 - - [03/May/2026:19:02:18 +0000] \"GET /health HTTP/1.1\" 200 77 \"-\" \"-\"","service":"devops-prod-api"}
{"level":"info","message":"::1 - - [03/May/2026:19:02:49 +0000] \"GET /health HTTP/1.1\" 200 76 \"-\" \"-\"","service":"devops-prod-api"}
{"level":"info","message":"::1 - - [03/May/2026:19:03:19 +0000] \"GET /health HTTP/1.1\" 200 77 \"-\" \"-\"","service":"devops-prod-api"}
{"level":"info","message":"::1 - - [03/May/2026:19:03:50 +0000] \"GET /health HTTP/1.1\" 200 76 \"-\" \"-\"","service":"devops-prod-api"}
{"level":"info","message":"::1 - - [03/May/2026:19:04:20 +0000] \"GET /health HTTP/1.1\" 200 77 \"-\" \"-\"","service":"devops-prod-api"}
{"level":"error","message":"Error creating the user: Error: Failed query: select \"id\", \"name\", \"email\", \"password\", \"role\", \"created_at\", \"updated_at\" from \"users\" where \"users\".\"email\" = $1 limit $2\nparams: testuser1@test.com,1","service":"devops-prod-api"}
{"cause":{"name":"NeonDbError","sourceError":{"cause":{"address":"::1","code":"ECONNREFUSED","errno":-111,"port":443,"syscall":"connect"}}},"level":"error","message":"Signup error Failed query: select \"id\", \"name\", \"email\", \"password\", \"role\", \"created_at\", \"updated_at\" from \"users\" where \"users\".\"email\" = $1 limit $2\nparams: testuser1@test.com,1","params":["testuser1@test.com",1],"query":"select \"id\", \"name\", \"email\", \"password\", \"role\", \"created_at\", \"updated_at\" from \"users\" where \"users\".\"email\" = $1 limit $2","service":"devops-prod-api","stack":"Error: Failed query: select \"id\", \"name\", \"email\", \"password\", \"role\", \"created_at\", \"updated_at\" from \"users\" where \"users\".\"email\" = $1 limit $2\nparams: testuser1@test.com,1\n    at NeonHttpPreparedQuery.queryWithCache (file:///app/node_modules/drizzle-orm/pg-core/session.js:41:15)\n    at process.processTicksAndRejections (node:internal/process/task_queues:95:5)\n    at async NeonHttpPreparedQuery.execute (file:///app/node_modules/drizzle-orm/neon-http/session.js:45:20)\n    at async createUser (file:///app/src/services/auth.service.js:27:26)\n    at async signup (file:///app/src/controllers/auth.controller.js:23:18)"}
{"level":"info","message":"::ffff:172.18.0.1 - - [03/May/2026:19:04:34 +0000] \"POST /api/auth/sign-up HTTP/1.1\" 500 917 \"-\" \"HTTPie\"","service":"devops-prod-api"}
{"level":"info","message":"::1 - - [03/May/2026:19:04:50 +0000] \"GET /health HTTP/1.1\" 200 77 \"-\" \"-\"","service":"devops-prod-api"}
{"level":"info","message":"::1 - - [03/May/2026:19:05:21 +0000] \"GET /health HTTP/1.1\" 200 77 \"-\" \"-\"","service":"devops-prod-api"}
{"level":"info","message":"::1 - - [03/May/2026:19:05:51 +0000] \"GET /health HTTP/1.1\" 200 77 \"-\" \"-\"","service":"devops-prod-api"}
{"level":"error","message":"Error creating the user: Error: Failed query: select \"id\", \"name\", \"email\", \"password\", \"role\", \"created_at\", \"updated_at\" from \"users\" where \"users\".\"email\" = $1 limit $2\nparams: testuser1@test.com,1","service":"devops-prod-api"}
{"cause":{"name":"NeonDbError","sourceError":{"cause":{"address":"::1","code":"ECONNREFUSED","errno":-111,"port":443,"syscall":"connect"}}},"level":"error","message":"Signup error Failed query: select \"id\", \"name\", \"email\", \"password\", \"role\", \"created_at\", \"updated_at\" from \"users\" where \"users\".\"email\" = $1 limit $2\nparams: testuser1@test.com,1","params":["testuser1@test.com",1],"query":"select \"id\", \"name\", \"email\", \"password\", \"role\", \"created_at\", \"updated_at\" from \"users\" where \"users\".\"email\" = $1 limit $2","service":"devops-prod-api","stack":"Error: Failed query: select \"id\", \"name\", \"email\", \"password\", \"role\", \"created_at\", \"updated_at\" from \"users\" where \"users\".\"email\" = $1 limit $2\nparams: testuser1@test.com,1\n    at NeonHttpPreparedQuery.queryWithCache (file:///app/node_modules/drizzle-orm/pg-core/session.js:41:15)\n    at process.processTicksAndRejections (node:internal/process/task_queues:95:5)\n    at async NeonHttpPreparedQuery.execute (file:///app/node_modules/drizzle-orm/neon-http/session.js:45:20)\n    at async createUser (file:///app/src/services/auth.service.js:27:26)\n    at async signup (file:///app/src/controllers/auth.controller.js:23:18)"}
{"level":"info","message":"::ffff:172.18.0.1 - - [03/May/2026:19:06:00 +0000] \"POST /api/auth/sign-up HTTP/1.1\" 500 917 \"-\" \"HTTPie\"","service":"devops-prod-api"}
{"level":"info","message":"::1 - - [03/May/2026:19:06:22 +0000] \"GET /health HTTP/1.1\" 200 77 \"-\" \"-\"","service":"devops-prod-api"}
{"level":"info","message":"::1 - - [03/May/2026:19:06:52 +0000] \"GET /health HTTP/1.1\" 200 77 \"-\" \"-\"","service":"devops-prod-api"}
{"level":"info","message":"::1 - - [03/May/2026:19:07:23 +0000] \"GET /health HTTP/1.1\" 200 77 \"-\" \"-\"","service":"devops-prod-api"}
{"level":"info","message":"::1 - - [03/May/2026:19:07:53 +0000] \"GET /health HTTP/1.1\" 200 76 \"-\" \"-\"","service":"devops-prod-api"}
{"level":"error","message":"Error creating the user: Error: Failed query: select \"id\", \"name\", \"email\", \"password\", \"role\", \"created_at\", \"updated_at\" from \"users\" where \"users\".\"email\" = $1 limit $2\nparams: testuser1@test.com,1","service":"devops-prod-api"}
{"cause":{"name":"NeonDbError","sourceError":{"cause":{"address":"::1","code":"ECONNREFUSED","errno":-111,"port":443,"syscall":"connect"}}},"level":"error","message":"Signup error Failed query: select \"id\", \"name\", \"email\", \"password\", \"role\", \"created_at\", \"updated_at\" from \"users\" where \"users\".\"email\" = $1 limit $2\nparams: testuser1@test.com,1","params":["testuser1@test.com",1],"query":"select \"id\", \"name\", \"email\", \"password\", \"role\", \"created_at\", \"updated_at\" from \"users\" where \"users\".\"email\" = $1 limit $2","service":"devops-prod-api","stack":"Error: Failed query: select \"id\", \"name\", \"email\", \"password\", \"role\", \"created_at\", \"updated_at\" from \"users\" where \"users\".\"email\" = $1 limit $2\nparams: testuser1@test.com,1\n    at NeonHttpPreparedQuery.queryWithCache (file:///app/node_modules/drizzle-orm/pg-core/session.js:41:15)\n    at process.processTicksAndRejections (node:internal/process/task_queues:95:5)\n    at async NeonHttpPreparedQuery.execute (file:///app/node_modules/drizzle-orm/neon-http/session.js:45:20)\n    at async createUser (file:///app/src/services/auth.service.js:27:26)\n    at async signup (file:///app/src/controllers/auth.controller.js:23:18)"}
{"level":"info","message":"::ffff:172.18.0.1 - - [03/May/2026:19:08:16 +0000] \"POST /api/auth/sign-up HTTP/1.1\" 500 917 \"-\" \"HTTPie\"","service":"devops-prod-api"}
{"level":"info","message":"::1 - - [03/May/2026:19:08:23 +0000] \"GET /health HTTP/1.1\" 200 77 \"-\" \"-\"","service":"devops-prod-api"}
{"level":"error","message":"Error creating the user: Error: Failed query: select \"id\", \"name\", \"email\", \"password\", \"role\", \"created_at\", \"updated_at\" from \"users\" where \"users\".\"email\" = $1 limit $2\nparams: testuser1@test.com,1","service":"devops-prod-api"}
{"cause":{"name":"NeonDbError","sourceError":{"cause":{"address":"::1","code":"ECONNREFUSED","errno":-111,"port":443,"syscall":"connect"}}},"level":"error","message":"Signup error Failed query: select \"id\", \"name\", \"email\", \"password\", \"role\", \"created_at\", \"updated_at\" from \"users\" where \"users\".\"email\" = $1 limit $2\nparams: testuser1@test.com,1","params":["testuser1@test.com",1],"query":"select \"id\", \"name\", \"email\", \"password\", \"role\", \"created_at\", \"updated_at\" from \"users\" where \"users\".\"email\" = $1 limit $2","service":"devops-prod-api","stack":"Error: Failed query: select \"id\", \"name\", \"email\", \"password\", \"role\", \"created_at\", \"updated_at\" from \"users\" where \"users\".\"email\" = $1 limit $2\nparams: testuser1@test.com,1\n    at NeonHttpPreparedQuery.queryWithCache (file:///app/node_modules/drizzle-orm/pg-core/session.js:41:15)\n    at process.processTicksAndRejections (node:internal/process/task_queues:95:5)\n    at async NeonHttpPreparedQuery.execute (file:///app/node_modules/drizzle-orm/neon-http/session.js:45:20)\n    at async createUser (file:///app/src/services/auth.service.js:27:26)\n    at async signup (file:///app/src/controllers/auth.controller.js:23:18)"}
{"level":"info","message":"::ffff:172.18.0.1 - - [03/May/2026:19:08:48 +0000] \"POST /api/auth/sign-up HTTP/1.1\" 500 917 \"-\" \"HTTPie\"","service":"devops-prod-api"}
{"level":"info","message":"::1 - - [03/May/2026:19:08:54 +0000] \"GET /health HTTP/1.1\" 200 77 \"-\" \"-\"","service":"devops-prod-api"}
{"level":"info","message":"::1 - - [03/May/2026:19:09:24 +0000] \"GET /health HTTP/1.1\" 200 78 \"-\" \"-\"","service":"devops-prod-api"}
{"level":"error","message":"Error creating the user: Error: Failed query: select \"id\", \"name\", \"email\", \"password\", \"role\", \"created_at\", \"updated_at\" from \"users\" where \"users\".\"email\" = $1 limit $2\nparams: testuser@test.com,1","service":"devops-prod-api"}
{"cause":{"name":"NeonDbError","sourceError":{"cause":{"address":"::1","code":"ECONNREFUSED","errno":-111,"port":443,"syscall":"connect"}}},"level":"error","message":"Signup error Failed query: select \"id\", \"name\", \"email\", \"password\", \"role\", \"created_at\", \"updated_at\" from \"users\" where \"users\".\"email\" = $1 limit $2\nparams: testuser@test.com,1","params":["testuser@test.com",1],"query":"select \"id\", \"name\", \"email\", \"password\", \"role\", \"created_at\", \"updated_at\" from \"users\" where \"users\".\"email\" = $1 limit $2","service":"devops-prod-api","stack":"Error: Failed query: select \"id\", \"name\", \"email\", \"password\", \"role\", \"created_at\", \"updated_at\" from \"users\" where \"users\".\"email\" = $1 limit $2\nparams: testuser@test.com,1\n    at NeonHttpPreparedQuery.queryWithCache (file:///app/node_modules/drizzle-orm/pg-core/session.js:41:15)\n    at process.processTicksAndRejections (node:internal/process/task_queues:95:5)\n    at async NeonHttpPreparedQuery.execute (file:///app/node_modules/drizzle-orm/neon-http/session.js:45:20)\n    at async createUser (file:///app/src/services/auth.service.js:27:26)\n    at async signup (file:///app/src/controllers/auth.controller.js:23:18)"}
{"level":"info","message":"::ffff:172.18.0.1 - - [03/May/2026:19:09:30 +0000] \"POST /api/auth/sign-up HTTP/1.1\" 500 916 \"-\" \"HTTPie\"","service":"devops-prod-api"}
{"level":"info","message":"::1 - - [03/May/2026:19:09:54 +0000] \"GET /health HTTP/1.1\" 200 78 \"-\" \"-\"","service":"devops-prod-api"}
{"level":"info","message":"::1 - - [03/May/2026:19:10:25 +0000] \"GET /health HTTP/1.1\" 200 78 \"-\" \"-\"","service":"devops-prod-api"}
{"level":"info","message":"::1 - - [03/May/2026:19:10:55 +0000] \"GET /health HTTP/1.1\" 200 78 \"-\" \"-\"","service":"devops-prod-api"}
{"level":"info","message":"::1 - - [03/May/2026:19:11:26 +0000] \"GET /health HTTP/1.1\" 200 78 \"-\" \"-\"","service":"devops-prod-api"}
{"level":"info","message":"::1 - - [03/May/2026:19:11:56 +0000] \"GET /health HTTP/1.1\" 200 78 \"-\" \"-\"","service":"devops-prod-api"}
{"level":"info","message":"::1 - - [03/May/2026:19:12:27 +0000] \"GET /health HTTP/1.1\" 200 78 \"-\" \"-\"","service":"devops-prod-api"}
{"level":"info","message":"::1 - - [03/May/2026:19:12:57 +0000] \"GET /health HTTP/1.1\" 200 78 \"-\" \"-\"","service":"devops-prod-api"}
{"level":"info","message":"::1 - - [03/May/2026:19:13:28 +0000] \"GET /health HTTP/1.1\" 200 77 \"-\" \"-\"","service":"devops-prod-api"}
{"level":"info","message":"::1 - - [03/May/2026:19:13:58 +0000] \"GET /health HTTP/1.1\" 200 78 \"-\" \"-\"","service":"devops-prod-api"}
{"level":"info","message":"::1 - - [03/May/2026:19:14:28 +0000] \"GET /health HTTP/1.1\" 200 78 \"-\" \"-\"","service":"devops-prod-api"}
{"level":"info","message":"::1 - - [03/May/2026:19:14:59 +0000] \"GET /health HTTP/1.1\" 200 78 \"-\" \"-\"","service":"devops-prod-api"}
{"level":"info","message":"::1 - - [03/May/2026:19:15:29 +0000] \"GET /health HTTP/1.1\" 200 77 \"-\" \"-\"","service":"devops-prod-api"}
{"level":"error","message":"Error creating the user: Error: Failed query: select \"id\", \"name\", \"email\", \"password\", \"role\", \"created_at\", \"updated_at\" from \"users\" where \"users\".\"email\" = $1 limit $2\nparams: testuser@test.com,1","service":"devops-prod-api"}
{"cause":{"name":"NeonDbError","sourceError":{"cause":{"address":"::1","code":"ECONNREFUSED","errno":-111,"port":443,"syscall":"connect"}}},"level":"error","message":"Signup error Failed query: select \"id\", \"name\", \"email\", \"password\", \"role\", \"created_at\", \"updated_at\" from \"users\" where \"users\".\"email\" = $1 limit $2\nparams: testuser@test.com,1","params":["testuser@test.com",1],"query":"select \"id\", \"name\", \"email\", \"password\", \"role\", \"created_at\", \"updated_at\" from \"users\" where \"users\".\"email\" = $1 limit $2","service":"devops-prod-api","stack":"Error: Failed query: select \"id\", \"name\", \"email\", \"password\", \"role\", \"created_at\", \"updated_at\" from \"users\" where \"users\".\"email\" = $1 limit $2\nparams: testuser@test.com,1\n    at NeonHttpPreparedQuery.queryWithCache (file:///app/node_modules/drizzle-orm/pg-core/session.js:41:15)\n    at process.processTicksAndRejections (node:internal/process/task_queues:95:5)\n    at async NeonHttpPreparedQuery.execute (file:///app/node_modules/drizzle-orm/neon-http/session.js:45:20)\n    at async createUser (file:///app/src/services/auth.service.js:27:26)\n    at async signup (file:///app/src/controllers/auth.controller.js:23:18)"}
{"level":"info","message":"::ffff:172.18.0.1 - - [03/May/2026:19:15:30 +0000] \"POST /api/auth/sign-up HTTP/1.1\" 500 916 \"-\" \"HTTPie\"","service":"devops-prod-api"}
{"level":"info","message":"::1 - - [03/May/2026:19:16:00 +0000] \"GET /health HTTP/1.1\" 200 78 \"-\" \"-\"","service":"devops-prod-api"}
{"level":"info","message":"::1 - - [03/May/2026:19:16:30 +0000] \"GET /health HTTP/1.1\" 200 78 \"-\" \"-\"","service":"devops-prod-api"}
{"level":"info","message":"::1 - - [03/May/2026:19:17:00 +0000] \"GET /health HTTP/1.1\" 200 78 \"-\" \"-\"","service":"devops-prod-api"}
{"level":"info","message":"::1 - - [03/May/2026:19:17:31 +0000] \"GET /health HTTP/1.1\" 200 78 \"-\" \"-\"","service":"devops-prod-api"}
{"level":"info","message":"::1 - - [03/May/2026:19:18:01 +0000] \"GET /health HTTP/1.1\" 200 78 \"-\" \"-\"","service":"devops-prod-api"}
{"level":"error","message":"Error creating the user: Error: Failed query: select \"id\", \"name\", \"email\", \"password\", \"role\", \"created_at\", \"updated_at\" from \"users\" where \"users\".\"email\" = $1 limit $2\nparams: testuser@test.com,1","service":"devops-prod-api"}
{"cause":{"name":"NeonDbError","sourceError":{"cause":{"address":"::1","code":"ECONNREFUSED","errno":-111,"port":443,"syscall":"connect"}}},"level":"error","message":"Signup error Failed query: select \"id\", \"name\", \"email\", \"password\", \"role\", \"created_at\", \"updated_at\" from \"users\" where \"users\".\"email\" = $1 limit $2\nparams: testuser@test.com,1","params":["testuser@test.com",1],"query":"select \"id\", \"name\", \"email\", \"password\", \"role\", \"created_at\", \"updated_at\" from \"users\" where \"users\".\"email\" = $1 limit $2","service":"devops-prod-api","stack":"Error: Failed query: select \"id\", \"name\", \"email\", \"password\", \"role\", \"created_at\", \"updated_at\" from \"users\" where \"users\".\"email\" = $1 limit $2\nparams: testuser@test.com,1\n    at NeonHttpPreparedQuery.queryWithCache (file:///app/node_modules/drizzle-orm/pg-core/session.js:41:15)\n    at process.processTicksAndRejections (node:internal/process/task_queues:95:5)\n    at async NeonHttpPreparedQuery.execute (file:///app/node_modules/drizzle-orm/neon-http/session.js:45:20)\n    at async createUser (file:///app/src/services/auth.service.js:27:26)\n    at async signup (file:///app/src/controllers/auth.controller.js:23:18)"}
{"level":"info","message":"::ffff:172.18.0.1 - - [03/May/2026:19:18:04 +0000] \"POST /api/auth/sign-up HTTP/1.1\" 500 916 \"-\" \"HTTPie\"","service":"devops-prod-api"}
{"level":"info","message":"::1 - - [03/May/2026:19:18:32 +0000] \"GET /health HTTP/1.1\" 200 78 \"-\" \"-\"","service":"devops-prod-api"}
{"level":"info","message":"::1 - - [03/May/2026:19:19:02 +0000] \"GET /health HTTP/1.1\" 200 78 \"-\" \"-\"","service":"devops-prod-api"}
{"level":"info","message":"::1 - - [03/May/2026:19:19:32 +0000] \"GET /health HTTP/1.1\" 200 78 \"-\" \"-\"","service":"devops-prod-api"}
{"level":"info","message":"::1 - - [03/May/2026:19:20:03 +0000] \"GET /health HTTP/1.1\" 200 78 \"-\" \"-\"","service":"devops-prod-api"}
{"level":"info","message":"::1 - - [03/May/2026:19:20:33 +0000] \"GET /health HTTP/1.1\" 200 78 \"-\" \"-\"","service":"devops-prod-api"}
{"level":"info","message":"::1 - - [03/May/2026:19:21:04 +0000] \"GET /health HTTP/1.1\" 200 77 \"-\" \"-\"","service":"devops-prod-api"}
{"level":"error","message":"Error creating the user: Error: Failed query: select \"id\", \"name\", \"email\", \"password\", \"role\", \"created_at\", \"updated_at\" from \"users\" where \"users\".\"email\" = $1 limit $2\nparams: testuser@test.com,1","service":"devops-prod-api"}
{"cause":{"name":"NeonDbError","sourceError":{"cause":{"address":"::1","code":"ECONNREFUSED","errno":-111,"port":443,"syscall":"connect"}}},"level":"error","message":"Signup error Failed query: select \"id\", \"name\", \"email\", \"password\", \"role\", \"created_at\", \"updated_at\" from \"users\" where \"users\".\"email\" = $1 limit $2\nparams: testuser@test.com,1","params":["testuser@test.com",1],"query":"select \"id\", \"name\", \"email\", \"password\", \"role\", \"created_at\", \"updated_at\" from \"users\" where \"users\".\"email\" = $1 limit $2","service":"devops-prod-api","stack":"Error: Failed query: select \"id\", \"name\", \"email\", \"password\", \"role\", \"created_at\", \"updated_at\" from \"users\" where \"users\".\"email\" = $1 limit $2\nparams: testuser@test.com,1\n    at NeonHttpPreparedQuery.queryWithCache (file:///app/node_modules/drizzle-orm/pg-core/session.js:41:15)\n    at process.processTicksAndRejections (node:internal/process/task_queues:95:5)\n    at async NeonHttpPreparedQuery.execute (file:///app/node_modules/drizzle-orm/neon-http/session.js:45:20)\n    at async createUser (file:///app/src/services/auth.service.js:27:26)\n    at async signup (file:///app/src/controllers/auth.controller.js:23:18)"}
{"level":"info","message":"::ffff:172.18.0.1 - - [03/May/2026:19:21:20 +0000] \"POST /api/auth/sign-up HTTP/1.1\" 500 916 \"-\" \"HTTPie\"","service":"devops-prod-api"}
{"level":"info","message":"::1 - - [03/May/2026:19:21:34 +0000] \"GET /health HTTP/1.1\" 200 78 \"-\" \"-\"","service":"devops-prod-api"}
{"level":"info","message":"::1 - - [03/May/2026:19:22:04 +0000] \"GET /health HTTP/1.1\" 200 78 \"-\" \"-\"","service":"devops-prod-api"}
{"level":"info","message":"::1 - - [03/May/2026:19:22:35 +0000] \"GET /health HTTP/1.1\" 200 78 \"-\" \"-\"","service":"devops-prod-api"}
{"level":"info","message":"::1 - - [03/May/2026:19:23:05 +0000] \"GET /health HTTP/1.1\" 200 78 \"-\" \"-\"","service":"devops-prod-api"}
{"level":"info","message":"::1 - - [03/May/2026:19:23:35 +0000] \"GET /health HTTP/1.1\" 200 78 \"-\" \"-\"","service":"devops-prod-api"}
{"level":"info","message":"::1 - - [03/May/2026:19:24:06 +0000] \"GET /health HTTP/1.1\" 200 78 \"-\" \"-\"","service":"devops-prod-api"}
{"level":"info","message":"::1 - - [03/May/2026:19:32:02 +0000] \"GET /health HTTP/1.1\" 200 75 \"-\" \"-\"","service":"devops-prod-api"}
{"level":"info","message":"User testuser@test.com created successfully","service":"devops-prod-api"}
{"level":"info","message":"User registered successfully: testuser@test.com","service":"devops-prod-api"}
{"level":"info","message":"::ffff:172.18.0.1 - - [03/May/2026:19:32:11 +0000] \"POST /api/auth/sign-up HTTP/1.1\" 201 106 \"-\" \"HTTPie\"","service":"devops-prod-api"}
{"level":"info","message":"::1 - - [03/May/2026:19:32:33 +0000] \"GET /health HTTP/1.1\" 200 76 \"-\" \"-\"","service":"devops-prod-api"}
{"level":"info","message":"::1 - - [03/May/2026:19:33:03 +0000] \"GET /health HTTP/1.1\" 200 76 \"-\" \"-\"","service":"devops-prod-api"}
{"level":"info","message":"::1 - - [03/May/2026:19:33:33 +0000] \"GET /health HTTP/1.1\" 200 76 \"-\" \"-\"","service":"devops-prod-api"}
{"level":"info","message":"::1 - - [03/May/2026:19:34:04 +0000] \"GET /health HTTP/1.1\" 200 77 \"-\" \"-\"","service":"devops-prod-api"}
{"level":"info","message":"::1 - - [03/May/2026:19:34:34 +0000] \"GET /health HTTP/1.1\" 200 77 \"-\" \"-\"","service":"devops-prod-api"}
{"level":"info","message":"::1 - - [03/May/2026:19:35:04 +0000] \"GET /health HTTP/1.1\" 200 77 \"-\" \"-\"","service":"devops-prod-api"}
{"level":"info","message":"::1 - - [03/May/2026:19:35:35 +0000] \"GET /health HTTP/1.1\" 200 77 \"-\" \"-\"","service":"devops-prod-api"}
{"level":"info","message":"::1 - - [03/May/2026:19:36:05 +0000] \"GET /health HTTP/1.1\" 200 77 \"-\" \"-\"","service":"devops-prod-api"}
{"level":"info","message":"::1 - - [03/May/2026:19:36:36 +0000] \"GET /health HTTP/1.1\" 200 77 \"-\" \"-\"","service":"devops-prod-api"}
{"level":"info","message":"::1 - - [03/May/2026:19:37:06 +0000] \"GET /health HTTP/1.1\" 200 77 \"-\" \"-\"","service":"devops-prod-api"}
{"level":"info","message":"::1 - - [03/May/2026:19:37:36 +0000] \"GET /health HTTP/1.1\" 200 77 \"-\" \"-\"","service":"devops-prod-api"}
{"level":"info","message":"::1 - - [03/May/2026:19:38:07 +0000] \"GET /health HTTP/1.1\" 200 76 \"-\" \"-\"","service":"devops-prod-api"}
{"level":"info","message":"::1 - - [03/May/2026:19:38:37 +0000] \"GET /health HTTP/1.1\" 200 77 \"-\" \"-\"","service":"devops-prod-api"}
{"level":"info","message":"::1 - - [03/May/2026:19:39:07 +0000] \"GET /health HTTP/1.1\" 200 77 \"-\" \"-\"","service":"devops-prod-api"}
{"level":"info","message":"::1 - - [03/May/2026:19:39:38 +0000] \"GET /health HTTP/1.1\" 200 77 \"-\" \"-\"","service":"devops-prod-api"}
{"level":"info","message":"::1 - - [03/May/2026:19:40:08 +0000] \"GET /health HTTP/1.1\" 200 77 \"-\" \"-\"","service":"devops-prod-api"}
{"level":"info","message":"::1 - - [03/May/2026:19:40:38 +0000] \"GET /health HTTP/1.1\" 200 77 \"-\" \"-\"","service":"devops-prod-api"}
{"level":"info","message":"::1 - - [03/May/2026:19:41:08 +0000] \"GET /health HTTP/1.1\" 200 77 \"-\" \"-\"","service":"devops-prod-api"}
{"level":"info","message":"::1 - - [03/May/2026:19:41:39 +0000] \"GET /health HTTP/1.1\" 200 77 \"-\" \"-\"","service":"devops-prod-api"}
{"level":"info","message":"::1 - - [03/May/2026:19:42:10 +0000] \"GET /health HTTP/1.1\" 200 77 \"-\" \"-\"","service":"devops-prod-api"}
{"level":"info","message":"::1 - - [03/May/2026:19:42:40 +0000] \"GET /health HTTP/1.1\" 200 77 \"-\" \"-\"","service":"devops-prod-api"}
{"level":"info","message":"::1 - - [03/May/2026:19:43:11 +0000] \"GET /health HTTP/1.1\" 200 77 \"-\" \"-\"","service":"devops-prod-api"}
{"level":"info","message":"::1 - - [03/May/2026:19:43:41 +0000] \"GET /health HTTP/1.1\" 200 77 \"-\" \"-\"","service":"devops-prod-api"}
{"level":"info","message":"::1 - - [03/May/2026:19:44:11 +0000] \"GET /health HTTP/1.1\" 200 75 \"-\" \"-\"","service":"devops-prod-api"}
{"level":"info","message":"::1 - - [03/May/2026:19:44:41 +0000] \"GET /health HTTP/1.1\" 200 77 \"-\" \"-\"","service":"devops-prod-api"}
{"level":"info","message":"::1 - - [03/May/2026:19:45:12 +0000] \"GET /health HTTP/1.1\" 200 77 \"-\" \"-\"","service":"devops-prod-api"}
{"level":"info","message":"::ffff:172.18.0.1 - - [03/May/2026:19:45:30 +0000] \"POST /api/users HTTP/1.1\" 404 27 \"-\" \"HTTPie\"","service":"devops-prod-api"}
{"level":"info","message":"::1 - - [03/May/2026:19:45:42 +0000] \"GET /health HTTP/1.1\" 200 77 \"-\" \"-\"","service":"devops-prod-api"}
{"level":"info","message":"::ffff:172.18.0.1 - - [03/May/2026:19:45:52 +0000] \"GET /api/users HTTP/1.1\" 401 72 \"-\" \"HTTPie\"","service":"devops-prod-api"}
{"level":"info","message":"::ffff:172.18.0.1 - - [03/May/2026:19:46:01 +0000] \"GET /api/users HTTP/1.1\" 401 72 \"-\" \"HTTPie\"","service":"devops-prod-api"}
{"level":"info","message":"::1 - - [03/May/2026:19:46:12 +0000] \"GET /health HTTP/1.1\" 200 77 \"-\" \"-\"","service":"devops-prod-api"}
{"level":"info","message":"::1 - - [03/May/2026:19:46:43 +0000] \"GET /health HTTP/1.1\" 200 77 \"-\" \"-\"","service":"devops-prod-api"}
{"level":"info","message":"::ffff:172.18.0.1 - - [03/May/2026:19:46:46 +0000] \"GET /api/users HTTP/1.1\" 401 72 \"-\" \"Mozilla/5.0 (Windows NT 10.0; Win64; x64) AppleWebKit/537.36 (KHTML, like Gecko) Chrome/147.0.0.0 Safari/537.36 Edg/147.0.0.0\"","service":"devops-prod-api"}
{"level":"info","message":"::ffff:172.18.0.1 - - [03/May/2026:19:46:47 +0000] \"GET /favicon.ico HTTP/1.1\" 404 27 \"-\" \"Mozilla/5.0 (Windows NT 10.0; Win64; x64) AppleWebKit/537.36 (KHTML, like Gecko) Chrome/147.0.0.0 Safari/537.36 Edg/147.0.0.0\"","service":"devops-prod-api"}
{"level":"info","message":"::1 - - [03/May/2026:19:47:13 +0000] \"GET /health HTTP/1.1\" 200 77 \"-\" \"-\"","service":"devops-prod-api"}
{"level":"info","message":"::1 - - [03/May/2026:19:47:43 +0000] \"GET /health HTTP/1.1\" 200 77 \"-\" \"-\"","service":"devops-prod-api"}
{"level":"info","message":"::1 - - [03/May/2026:19:48:14 +0000] \"GET /health HTTP/1.1\" 200 77 \"-\" \"-\"","service":"devops-prod-api"}
{"level":"info","message":"::1 - - [03/May/2026:19:48:44 +0000] \"GET /health HTTP/1.1\" 200 78 \"-\" \"-\"","service":"devops-prod-api"}
{"level":"info","message":"::1 - - [03/May/2026:19:49:14 +0000] \"GET /health HTTP/1.1\" 200 78 \"-\" \"-\"","service":"devops-prod-api"}
{"level":"info","message":"::1 - - [03/May/2026:19:49:44 +0000] \"GET /health HTTP/1.1\" 200 78 \"-\" \"-\"","service":"devops-prod-api"}
{"level":"info","message":"::1 - - [03/May/2026:19:50:15 +0000] \"GET /health HTTP/1.1\" 200 78 \"-\" \"-\"","service":"devops-prod-api"}
{"level":"info","message":"::1 - - [03/May/2026:19:50:45 +0000] \"GET /health HTTP/1.1\" 200 77 \"-\" \"-\"","service":"devops-prod-api"}
{"level":"info","message":"::1 - - [03/May/2026:20:05:27 +0000] \"GET /health HTTP/1.1\" 200 78 \"-\" \"-\"","service":"devops-prod-api"}
{"level":"info","message":"::1 - - [03/May/2026:20:05:58 +0000] \"GET /health HTTP/1.1\" 200 78 \"-\" \"-\"","service":"devops-prod-api"}
{"level":"info","message":"::1 - - [03/May/2026:20:06:29 +0000] \"GET /health HTTP/1.1\" 200 78 \"-\" \"-\"","service":"devops-prod-api"}
{"level":"info","message":"::1 - - [03/May/2026:20:06:59 +0000] \"GET /health HTTP/1.1\" 200 78 \"-\" \"-\"","service":"devops-prod-api"}
{"level":"info","message":"::1 - - [03/May/2026:20:07:30 +0000] \"GET /health HTTP/1.1\" 200 77 \"-\" \"-\"","service":"devops-prod-api"}
{"level":"info","message":"::1 - - [03/May/2026:20:08:00 +0000] \"GET /health HTTP/1.1\" 200 78 \"-\" \"-\"","service":"devops-prod-api"}
{"level":"info","message":"::ffff:172.18.0.1 - - [03/May/2026:20:08:23 +0000] \"GET /api/auth/sign-in HTTP/1.1\" 404 27 \"-\" \"HTTPie\"","service":"devops-prod-api"}
{"level":"info","message":"::1 - - [03/May/2026:20:08:30 +0000] \"GET /health HTTP/1.1\" 200 78 \"-\" \"-\"","service":"devops-prod-api"}
{"level":"info","message":"User mailmerairajat@gmail.com authenticated successfully","service":"devops-prod-api"}
{"level":"info","message":"User signed in successfully: mailmerairajat@gmail.com","service":"devops-prod-api"}
{"level":"info","message":"::ffff:172.18.0.1 - - [03/May/2026:20:08:51 +0000] \"POST /api/auth/sign-in HTTP/1.1\" 200 125 \"-\" \"HTTPie\"","service":"devops-prod-api"}
{"level":"info","message":"::1 - - [03/May/2026:20:09:01 +0000] \"GET /health HTTP/1.1\" 200 78 \"-\" \"-\"","service":"devops-prod-api"}
{"level":"info","message":"::1 - - [03/May/2026:20:09:31 +0000] \"GET /health HTTP/1.1\" 200 78 \"-\" \"-\"","service":"devops-prod-api"}
{"level":"info","message":"::1 - - [03/May/2026:20:10:02 +0000] \"GET /health HTTP/1.1\" 200 78 \"-\" \"-\"","service":"devops-prod-api"}
{"level":"info","message":"User authenticated: mailmerairajat@gmail.com (user)","service":"devops-prod-api"}
{"level":"info","message":"Getting users...","service":"devops-prod-api"}
{"level":"info","message":"::ffff:172.18.0.1 - - [03/May/2026:20:10:16 +0000] \"GET /api/users HTTP/1.1\" 200 520 \"-\" \"HTTPie\"","service":"devops-prod-api"}
{"level":"info","message":"::1 - - [03/May/2026:20:10:32 +0000] \"GET /health HTTP/1.1\" 200 78 \"-\" \"-\"","service":"devops-prod-api"}
{"level":"info","message":"::1 - - [03/May/2026:20:11:02 +0000] \"GET /health HTTP/1.1\" 200 78 \"-\" \"-\"","service":"devops-prod-api"}
{"level":"info","message":"::1 - - [03/May/2026:20:11:33 +0000] \"GET /health HTTP/1.1\" 200 78 \"-\" \"-\"","service":"devops-prod-api"}
{"level":"info","message":"::1 - - [03/May/2026:20:12:03 +0000] \"GET /health HTTP/1.1\" 200 78 \"-\" \"-\"","service":"devops-prod-api"}
{"level":"info","message":"::1 - - [03/May/2026:20:12:33 +0000] \"GET /health HTTP/1.1\" 200 78 \"-\" \"-\"","service":"devops-prod-api"}
{"level":"info","message":"::1 - - [03/May/2026:20:13:04 +0000] \"GET /health HTTP/1.1\" 200 78 \"-\" \"-\"","service":"devops-prod-api"}
{"level":"info","message":"::1 - - [03/May/2026:20:13:34 +0000] \"GET /health HTTP/1.1\" 200 78 \"-\" \"-\"","service":"devops-prod-api"}
{"level":"info","message":"User rajatavc@gmail.com authenticated successfully","service":"devops-prod-api"}
{"level":"info","message":"User signed in successfully: rajatavc@gmail.com","service":"devops-prod-api"}
{"level":"info","message":"::ffff:172.18.0.1 - - [03/May/2026:20:13:37 +0000] \"POST /api/auth/sign-in HTTP/1.1\" 200 119 \"-\" \"HTTPie\"","service":"devops-prod-api"}
{"level":"info","message":"::1 - - [03/May/2026:20:14:05 +0000] \"GET /health HTTP/1.1\" 200 78 \"-\" \"-\"","service":"devops-prod-api"}
{"level":"info","message":"User authenticated: rajatavc@gmail.com (admin)","service":"devops-prod-api"}
{"level":"info","message":"Getting users...","service":"devops-prod-api"}
{"level":"info","message":"::ffff:172.18.0.1 - - [03/May/2026:20:14:22 +0000] \"GET /api/users HTTP/1.1\" 200 520 \"-\" \"HTTPie\"","service":"devops-prod-api"}
{"level":"info","message":"::1 - - [03/May/2026:20:14:35 +0000] \"GET /health HTTP/1.1\" 200 78 \"-\" \"-\"","service":"devops-prod-api"}
{"level":"info","message":"User authenticated: rajatavc@gmail.com (admin)","service":"devops-prod-api"}
{"level":"info","message":"Deleting user: 1","service":"devops-prod-api"}
{"level":"info","message":"User mailmerairajat@gmail.com deleted successfully","service":"devops-prod-api"}
{"level":"info","message":"User mailmerairajat@gmail.com deleted successfully","service":"devops-prod-api"}
{"level":"info","message":"::ffff:172.18.0.1 - - [03/May/2026:20:14:44 +0000] \"DELETE /api/users/1 HTTP/1.1\" 200 123 \"-\" \"HTTPie\"","service":"devops-prod-api"}
{"level":"info","message":"::1 - - [03/May/2026:20:15:05 +0000] \"GET /health HTTP/1.1\" 200 77 \"-\" \"-\"","service":"devops-prod-api"}
{"level":"info","message":"User authenticated: rajatavc@gmail.com (admin)","service":"devops-prod-api"}
{"level":"info","message":"Getting users...","service":"devops-prod-api"}
{"level":"info","message":"::ffff:172.18.0.1 - - [03/May/2026:20:15:29 +0000] \"GET /api/users HTTP/1.1\" 200 363 \"-\" \"HTTPie\"","service":"devops-prod-api"}
{"level":"info","message":"::1 - - [03/May/2026:20:15:36 +0000] \"GET /health HTTP/1.1\" 200 78 \"-\" \"-\"","service":"devops-prod-api"}
{"level":"info","message":"::1 - - [03/May/2026:20:16:06 +0000] \"GET /health HTTP/1.1\" 200 78 \"-\" \"-\"","service":"devops-prod-api"}
{"level":"info","message":"::1 - - [03/May/2026:20:16:36 +0000] \"GET /health HTTP/1.1\" 200 78 \"-\" \"-\"","service":"devops-prod-api"}
{"level":"info","message":"::1 - - [03/May/2026:20:17:08 +0000] \"GET /health HTTP/1.1\" 200 78 \"-\" \"-\"","service":"devops-prod-api"}
{"level":"info","message":"::1 - - [03/May/2026:20:17:38 +0000] \"GET /health HTTP/1.1\" 200 78 \"-\" \"-\"","service":"devops-prod-api"}
{"level":"info","message":"::1 - - [03/May/2026:20:18:10 +0000] \"GET /health HTTP/1.1\" 200 78 \"-\" \"-\"","service":"devops-prod-api"}
{"level":"info","message":"::1 - - [03/May/2026:20:18:42 +0000] \"GET /health HTTP/1.1\" 200 78 \"-\" \"-\"","service":"devops-prod-api"}
{"level":"info","message":"::1 - - [03/May/2026:20:19:13 +0000] \"GET /health HTTP/1.1\" 200 78 \"-\" \"-\"","service":"devops-prod-api"}
{"level":"info","message":"::1 - - [03/May/2026:20:19:44 +0000] \"GET /health HTTP/1.1\" 200 78 \"-\" \"-\"","service":"devops-prod-api"}
{"level":"info","message":"::1 - - [03/May/2026:20:20:14 +0000] \"GET /health HTTP/1.1\" 200 78 \"-\" \"-\"","service":"devops-prod-api"}
{"level":"info","message":"::1 - - [03/May/2026:20:20:45 +0000] \"GET /health HTTP/1.1\" 200 77 \"-\" \"-\"","service":"devops-prod-api"}
{"level":"info","message":"::1 - - [03/May/2026:20:21:15 +0000] \"GET /health HTTP/1.1\" 200 78 \"-\" \"-\"","service":"devops-prod-api"}
{"level":"info","message":"::1 - - [03/May/2026:20:21:46 +0000] \"GET /health HTTP/1.1\" 200 78 \"-\" \"-\"","service":"devops-prod-api"}
{"level":"info","message":"::1 - - [03/May/2026:20:22:16 +0000] \"GET /health HTTP/1.1\" 200 78 \"-\" \"-\"","service":"devops-prod-api"}
{"level":"info","message":"::1 - - [03/May/2026:20:22:47 +0000] \"GET /health HTTP/1.1\" 200 78 \"-\" \"-\"","service":"devops-prod-api"}
{"level":"info","message":"::1 - - [03/May/2026:20:23:17 +0000] \"GET /health HTTP/1.1\" 200 78 \"-\" \"-\"","service":"devops-prod-api"}
{"level":"info","message":"::1 - - [03/May/2026:20:23:47 +0000] \"GET /health HTTP/1.1\" 200 78 \"-\" \"-\"","service":"devops-prod-api"}
{"level":"info","message":"::1 - - [03/May/2026:20:24:18 +0000] \"GET /health HTTP/1.1\" 200 78 \"-\" \"-\"","service":"devops-prod-api"}
{"level":"info","message":"::1 - - [03/May/2026:20:24:48 +0000] \"GET /health HTTP/1.1\" 200 78 \"-\" \"-\"","service":"devops-prod-api"}
{"level":"info","message":"::1 - - [03/May/2026:20:25:19 +0000] \"GET /health HTTP/1.1\" 200 78 \"-\" \"-\"","service":"devops-prod-api"}
{"level":"info","message":"::1 - - [03/May/2026:20:25:49 +0000] \"GET /health HTTP/1.1\" 200 78 \"-\" \"-\"","service":"devops-prod-api"}
{"level":"info","message":"::1 - - [03/May/2026:20:26:20 +0000] \"GET /health HTTP/1.1\" 200 78 \"-\" \"-\"","service":"devops-prod-api"}
{"level":"info","message":"::1 - - [03/May/2026:20:26:50 +0000] \"GET /health HTTP/1.1\" 200 78 \"-\" \"-\"","service":"devops-prod-api"}
{"level":"info","message":"::1 - - [03/May/2026:20:27:20 +0000] \"GET /health HTTP/1.1\" 200 78 \"-\" \"-\"","service":"devops-prod-api"}
{"level":"info","message":"::1 - - [03/May/2026:20:27:51 +0000] \"GET /health HTTP/1.1\" 200 78 \"-\" \"-\"","service":"devops-prod-api"}
{"level":"info","message":"::1 - - [03/May/2026:20:28:21 +0000] \"GET /health HTTP/1.1\" 200 78 \"-\" \"-\"","service":"devops-prod-api"}
{"level":"info","message":"::1 - - [03/May/2026:20:28:52 +0000] \"GET /health HTTP/1.1\" 200 78 \"-\" \"-\"","service":"devops-prod-api"}
{"level":"info","message":"::1 - - [03/May/2026:20:29:22 +0000] \"GET /health HTTP/1.1\" 200 78 \"-\" \"-\"","service":"devops-prod-api"}
{"level":"info","message":"::1 - - [03/May/2026:20:29:53 +0000] \"GET /health HTTP/1.1\" 200 78 \"-\" \"-\"","service":"devops-prod-api"}
{"level":"info","message":"::1 - - [03/May/2026:20:30:23 +0000] \"GET /health HTTP/1.1\" 200 78 \"-\" \"-\"","service":"devops-prod-api"}
{"level":"info","message":"::1 - - [03/May/2026:20:30:53 +0000] \"GET /health HTTP/1.1\" 200 78 \"-\" \"-\"","service":"devops-prod-api"}
{"level":"info","message":"::1 - - [03/May/2026:20:31:24 +0000] \"GET /health HTTP/1.1\" 200 78 \"-\" \"-\"","service":"devops-prod-api"}
{"level":"info","message":"::1 - - [03/May/2026:20:31:54 +0000] \"GET /health HTTP/1.1\" 200 77 \"-\" \"-\"","service":"devops-prod-api"}
{"level":"info","message":"::1 - - [03/May/2026:20:32:24 +0000] \"GET /health HTTP/1.1\" 200 78 \"-\" \"-\"","service":"devops-prod-api"}
{"level":"info","message":"::1 - - [03/May/2026:20:32:55 +0000] \"GET /health HTTP/1.1\" 200 78 \"-\" \"-\"","service":"devops-prod-api"}
{"level":"info","message":"::1 - - [03/May/2026:20:33:25 +0000] \"GET /health HTTP/1.1\" 200 78 \"-\" \"-\"","service":"devops-prod-api"}
{"level":"info","message":"::1 - - [03/May/2026:20:33:56 +0000] \"GET /health HTTP/1.1\" 200 77 \"-\" \"-\"","service":"devops-prod-api"}
{"level":"info","message":"::1 - - [03/May/2026:20:34:26 +0000] \"GET /health HTTP/1.1\" 200 78 \"-\" \"-\"","service":"devops-prod-api"}
{"level":"info","message":"::1 - - [03/May/2026:20:34:57 +0000] \"GET /health HTTP/1.1\" 200 78 \"-\" \"-\"","service":"devops-prod-api"}
{"level":"info","message":"::1 - - [03/May/2026:20:35:27 +0000] \"GET /health HTTP/1.1\" 200 78 \"-\" \"-\"","service":"devops-prod-api"}
{"level":"info","message":"::1 - - [03/May/2026:20:35:58 +0000] \"GET /health HTTP/1.1\" 200 78 \"-\" \"-\"","service":"devops-prod-api"}
{"level":"info","message":"::ffff:127.0.0.1 - - [03/May/2026:20:36:10 +0000] \"GET /health HTTP/1.1\" 200 74 \"-\" \"-\"","service":"devops-prod-api"}
{"level":"info","message":"::ffff:127.0.0.1 - - [03/May/2026:20:36:10 +0000] \"GET /api HTTP/1.1\" 200 42 \"-\" \"-\"","service":"devops-prod-api"}
{"level":"info","message":"::ffff:127.0.0.1 - - [03/May/2026:20:36:10 +0000] \"GET /nonexsistent HTTP/1.1\" 404 27 \"-\" \"-\"","service":"devops-prod-api"}
{"level":"info","message":"::1 - - [03/May/2026:20:36:28 +0000] \"GET /health HTTP/1.1\" 200 78 \"-\" \"-\"","service":"devops-prod-api"}
{"level":"info","message":"::1 - - [03/May/2026:20:36:59 +0000] \"GET /health HTTP/1.1\" 200 78 \"-\" \"-\"","service":"devops-prod-api"}
{"level":"info","message":"::1 - - [03/May/2026:20:37:30 +0000] \"GET /health HTTP/1.1\" 200 78 \"-\" \"-\"","service":"devops-prod-api"}
{"level":"info","message":"::1 - - [03/May/2026:20:38:00 +0000] \"GET /health HTTP/1.1\" 200 78 \"-\" \"-\"","service":"devops-prod-api"}
{"level":"info","message":"::1 - - [03/May/2026:20:38:30 +0000] \"GET /health HTTP/1.1\" 200 78 \"-\" \"-\"","service":"devops-prod-api"}
{"level":"info","message":"::1 - - [03/May/2026:20:39:01 +0000] \"GET /health HTTP/1.1\" 200 78 \"-\" \"-\"","service":"devops-prod-api"}
{"level":"info","message":"::1 - - [03/May/2026:20:39:31 +0000] \"GET /health HTTP/1.1\" 200 78 \"-\" \"-\"","service":"devops-prod-api"}
{"level":"info","message":"::1 - - [03/May/2026:20:40:02 +0000] \"GET /health HTTP/1.1\" 200 78 \"-\" \"-\"","service":"devops-prod-api"}
{"level":"info","message":"::1 - - [03/May/2026:20:40:32 +0000] \"GET /health HTTP/1.1\" 200 78 \"-\" \"-\"","service":"devops-prod-api"}
{"level":"info","message":"::1 - - [03/May/2026:20:41:02 +0000] \"GET /health HTTP/1.1\" 200 78 \"-\" \"-\"","service":"devops-prod-api"}
{"level":"info","message":"::1 - - [03/May/2026:20:41:33 +0000] \"GET /health HTTP/1.1\" 200 78 \"-\" \"-\"","service":"devops-prod-api"}
{"level":"info","message":"::1 - - [03/May/2026:20:42:03 +0000] \"GET /health HTTP/1.1\" 200 78 \"-\" \"-\"","service":"devops-prod-api"}
{"level":"info","message":"::1 - - [03/May/2026:20:42:33 +0000] \"GET /health HTTP/1.1\" 200 78 \"-\" \"-\"","service":"devops-prod-api"}
{"level":"info","message":"::1 - - [03/May/2026:20:43:04 +0000] \"GET /health HTTP/1.1\" 200 78 \"-\" \"-\"","service":"devops-prod-api"}
{"level":"info","message":"::1 - - [03/May/2026:20:43:34 +0000] \"GET /health HTTP/1.1\" 200 76 \"-\" \"-\"","service":"devops-prod-api"}
{"level":"info","message":"::1 - - [03/May/2026:20:44:04 +0000] \"GET /health HTTP/1.1\" 200 78 \"-\" \"-\"","service":"devops-prod-api"}
{"level":"info","message":"::1 - - [03/May/2026:20:44:35 +0000] \"GET /health HTTP/1.1\" 200 78 \"-\" \"-\"","service":"devops-prod-api"}
{"level":"info","message":"::1 - - [03/May/2026:20:45:06 +0000] \"GET /health HTTP/1.1\" 200 77 \"-\" \"-\"","service":"devops-prod-api"}
{"level":"info","message":"::1 - - [04/May/2026:04:34:48 +0000] \"GET /health HTTP/1.1\" 200 78 \"-\" \"-\"","service":"devops-prod-api"}
{"level":"info","message":"::1 - - [04/May/2026:04:35:19 +0000] \"GET /health HTTP/1.1\" 200 78 \"-\" \"-\"","service":"devops-prod-api"}
{"level":"info","message":"::1 - - [04/May/2026:04:35:49 +0000] \"GET /health HTTP/1.1\" 200 78 \"-\" \"-\"","service":"devops-prod-api"}
{"level":"info","message":"::1 - - [04/May/2026:04:36:20 +0000] \"GET /health HTTP/1.1\" 200 78 \"-\" \"-\"","service":"devops-prod-api"}
{"level":"info","message":"::1 - - [04/May/2026:04:36:50 +0000] \"GET /health HTTP/1.1\" 200 78 \"-\" \"-\"","service":"devops-prod-api"}
{"level":"info","message":"::1 - - [04/May/2026:04:37:20 +0000] \"GET /health HTTP/1.1\" 200 78 \"-\" \"-\"","service":"devops-prod-api"}
{"level":"info","message":"::1 - - [04/May/2026:04:37:50 +0000] \"GET /health HTTP/1.1\" 200 78 \"-\" \"-\"","service":"devops-prod-api"}
{"level":"info","message":"::1 - - [04/May/2026:04:38:21 +0000] \"GET /health HTTP/1.1\" 200 78 \"-\" \"-\"","service":"devops-prod-api"}
{"level":"info","message":"::1 - - [04/May/2026:04:38:51 +0000] \"GET /health HTTP/1.1\" 200 78 \"-\" \"-\"","service":"devops-prod-api"}
{"level":"info","message":"::1 - - [04/May/2026:04:39:21 +0000] \"GET /health HTTP/1.1\" 200 78 \"-\" \"-\"","service":"devops-prod-api"}
{"level":"info","message":"::1 - - [04/May/2026:04:39:51 +0000] \"GET /health HTTP/1.1\" 200 78 \"-\" \"-\"","service":"devops-prod-api"}
{"level":"info","message":"::1 - - [04/May/2026:04:40:22 +0000] \"GET /health HTTP/1.1\" 200 78 \"-\" \"-\"","service":"devops-prod-api"}
{"level":"info","message":"::1 - - [04/May/2026:04:40:52 +0000] \"GET /health HTTP/1.1\" 200 77 \"-\" \"-\"","service":"devops-prod-api"}
{"level":"info","message":"::1 - - [04/May/2026:04:41:22 +0000] \"GET /health HTTP/1.1\" 200 78 \"-\" \"-\"","service":"devops-prod-api"}
{"level":"info","message":"::1 - - [04/May/2026:04:41:52 +0000] \"GET /health HTTP/1.1\" 200 78 \"-\" \"-\"","service":"devops-prod-api"}
{"level":"info","message":"::1 - - [04/May/2026:04:42:23 +0000] \"GET /health HTTP/1.1\" 200 78 \"-\" \"-\"","service":"devops-prod-api"}
{"level":"info","message":"::1 - - [04/May/2026:04:42:53 +0000] \"GET /health HTTP/1.1\" 200 78 \"-\" \"-\"","service":"devops-prod-api"}
{"level":"info","message":"::1 - - [04/May/2026:04:43:23 +0000] \"GET /health HTTP/1.1\" 200 78 \"-\" \"-\"","service":"devops-prod-api"}
{"level":"info","message":"::1 - - [04/May/2026:04:43:53 +0000] \"GET /health HTTP/1.1\" 200 78 \"-\" \"-\"","service":"devops-prod-api"}
{"level":"info","message":"::1 - - [04/May/2026:04:44:24 +0000] \"GET /health HTTP/1.1\" 200 78 \"-\" \"-\"","service":"devops-prod-api"}
{"level":"info","message":"::1 - - [04/May/2026:04:44:54 +0000] \"GET /health HTTP/1.1\" 200 78 \"-\" \"-\"","service":"devops-prod-api"}
{"level":"info","message":"::1 - - [04/May/2026:04:45:24 +0000] \"GET /health HTTP/1.1\" 200 78 \"-\" \"-\"","service":"devops-prod-api"}
{"level":"info","message":"::1 - - [04/May/2026:04:45:54 +0000] \"GET /health HTTP/1.1\" 200 78 \"-\" \"-\"","service":"devops-prod-api"}
{"level":"info","message":"::1 - - [04/May/2026:04:46:25 +0000] \"GET /health HTTP/1.1\" 200 78 \"-\" \"-\"","service":"devops-prod-api"}
{"level":"info","message":"::1 - - [04/May/2026:04:46:55 +0000] \"GET /health HTTP/1.1\" 200 78 \"-\" \"-\"","service":"devops-prod-api"}
{"level":"info","message":"::1 - - [04/May/2026:04:47:25 +0000] \"GET /health HTTP/1.1\" 200 78 \"-\" \"-\"","service":"devops-prod-api"}
{"level":"info","message":"::1 - - [04/May/2026:04:47:55 +0000] \"GET /health HTTP/1.1\" 200 78 \"-\" \"-\"","service":"devops-prod-api"}
{"level":"info","message":"::1 - - [04/May/2026:04:48:26 +0000] \"GET /health HTTP/1.1\" 200 78 \"-\" \"-\"","service":"devops-prod-api"}
{"level":"info","message":"::1 - - [04/May/2026:04:48:56 +0000] \"GET /health HTTP/1.1\" 200 78 \"-\" \"-\"","service":"devops-prod-api"}
{"level":"info","message":"::1 - - [04/May/2026:04:49:26 +0000] \"GET /health HTTP/1.1\" 200 78 \"-\" \"-\"","service":"devops-prod-api"}
{"level":"info","message":"::1 - - [04/May/2026:04:49:56 +0000] \"GET /health HTTP/1.1\" 200 77 \"-\" \"-\"","service":"devops-prod-api"}
{"level":"info","message":"::1 - - [04/May/2026:04:50:27 +0000] \"GET /health HTTP/1.1\" 200 78 \"-\" \"-\"","service":"devops-prod-api"}
{"level":"info","message":"::1 - - [04/May/2026:04:50:57 +0000] \"GET /health HTTP/1.1\" 200 78 \"-\" \"-\"","service":"devops-prod-api"}
{"level":"info","message":"::1 - - [04/May/2026:04:51:27 +0000] \"GET /health HTTP/1.1\" 200 78 \"-\" \"-\"","service":"devops-prod-api"}
{"level":"info","message":"::1 - - [04/May/2026:04:51:57 +0000] \"GET /health HTTP/1.1\" 200 78 \"-\" \"-\"","service":"devops-prod-api"}
{"level":"info","message":"::1 - - [04/May/2026:04:52:28 +0000] \"GET /health HTTP/1.1\" 200 78 \"-\" \"-\"","service":"devops-prod-api"}
{"level":"info","message":"::1 - - [04/May/2026:04:52:58 +0000] \"GET /health HTTP/1.1\" 200 78 \"-\" \"-\"","service":"devops-prod-api"}
{"level":"info","message":"::1 - - [04/May/2026:04:53:28 +0000] \"GET /health HTTP/1.1\" 200 78 \"-\" \"-\"","service":"devops-prod-api"}
{"level":"info","message":"::1 - - [04/May/2026:04:53:58 +0000] \"GET /health HTTP/1.1\" 200 78 \"-\" \"-\"","service":"devops-prod-api"}
{"level":"info","message":"::1 - - [04/May/2026:04:54:29 +0000] \"GET /health HTTP/1.1\" 200 78 \"-\" \"-\"","service":"devops-prod-api"}
{"level":"info","message":"::1 - - [04/May/2026:04:54:59 +0000] \"GET /health HTTP/1.1\" 200 78 \"-\" \"-\"","service":"devops-prod-api"}
{"level":"info","message":"::1 - - [04/May/2026:04:55:29 +0000] \"GET /health HTTP/1.1\" 200 78 \"-\" \"-\"","service":"devops-prod-api"}
{"level":"info","message":"::1 - - [04/May/2026:04:55:59 +0000] \"GET /health HTTP/1.1\" 200 77 \"-\" \"-\"","service":"devops-prod-api"}
{"level":"info","message":"::1 - - [04/May/2026:04:56:30 +0000] \"GET /health HTTP/1.1\" 200 78 \"-\" \"-\"","service":"devops-prod-api"}
{"level":"info","message":"::1 - - [04/May/2026:04:57:00 +0000] \"GET /health HTTP/1.1\" 200 78 \"-\" \"-\"","service":"devops-prod-api"}
{"level":"info","message":"::1 - - [04/May/2026:04:57:30 +0000] \"GET /health HTTP/1.1\" 200 78 \"-\" \"-\"","service":"devops-prod-api"}
{"level":"info","message":"::1 - - [04/May/2026:04:58:00 +0000] \"GET /health HTTP/1.1\" 200 78 \"-\" \"-\"","service":"devops-prod-api"}
{"level":"info","message":"::1 - - [04/May/2026:04:58:31 +0000] \"GET /health HTTP/1.1\" 200 78 \"-\" \"-\"","service":"devops-prod-api"}
{"level":"info","message":"::1 - - [04/May/2026:04:59:01 +0000] \"GET /health HTTP/1.1\" 200 78 \"-\" \"-\"","service":"devops-prod-api"}
{"level":"info","message":"::1 - - [04/May/2026:04:59:31 +0000] \"GET /health HTTP/1.1\" 200 78 \"-\" \"-\"","service":"devops-prod-api"}
{"level":"info","message":"::1 - - [04/May/2026:05:00:02 +0000] \"GET /health HTTP/1.1\" 200 78 \"-\" \"-\"","service":"devops-prod-api"}
{"level":"info","message":"::1 - - [04/May/2026:05:00:32 +0000] \"GET /health HTTP/1.1\" 200 77 \"-\" \"-\"","service":"devops-prod-api"}
{"level":"info","message":"::1 - - [04/May/2026:05:01:02 +0000] \"GET /health HTTP/1.1\" 200 78 \"-\" \"-\"","service":"devops-prod-api"}
{"level":"info","message":"::1 - - [04/May/2026:05:01:32 +0000] \"GET /health HTTP/1.1\" 200 78 \"-\" \"-\"","service":"devops-prod-api"}
{"level":"info","message":"::1 - - [04/May/2026:05:02:03 +0000] \"GET /health HTTP/1.1\" 200 78 \"-\" \"-\"","service":"devops-prod-api"}
{"level":"info","message":"::1 - - [04/May/2026:05:02:33 +0000] \"GET /health HTTP/1.1\" 200 78 \"-\" \"-\"","service":"devops-prod-api"}
{"level":"info","message":"::1 - - [04/May/2026:05:03:03 +0000] \"GET /health HTTP/1.1\" 200 78 \"-\" \"-\"","service":"devops-prod-api"}
{"level":"info","message":"::1 - - [04/May/2026:05:03:34 +0000] \"GET /health HTTP/1.1\" 200 78 \"-\" \"-\"","service":"devops-prod-api"}
{"level":"info","message":"::1 - - [04/May/2026:05:04:04 +0000] \"GET /health HTTP/1.1\" 200 78 \"-\" \"-\"","service":"devops-prod-api"}
{"level":"info","message":"::1 - - [04/May/2026:05:04:34 +0000] \"GET /health HTTP/1.1\" 200 78 \"-\" \"-\"","service":"devops-prod-api"}
{"level":"info","message":"::1 - - [04/May/2026:05:05:05 +0000] \"GET /health HTTP/1.1\" 200 78 \"-\" \"-\"","service":"devops-prod-api"}
{"level":"info","message":"::1 - - [04/May/2026:05:05:35 +0000] \"GET /health HTTP/1.1\" 200 78 \"-\" \"-\"","service":"devops-prod-api"}
{"level":"info","message":"::1 - - [04/May/2026:05:06:05 +0000] \"GET /health HTTP/1.1\" 200 78 \"-\" \"-\"","service":"devops-prod-api"}
{"level":"info","message":"::1 - - [04/May/2026:05:06:36 +0000] \"GET /health HTTP/1.1\" 200 78 \"-\" \"-\"","service":"devops-prod-api"}
{"level":"info","message":"::1 - - [04/May/2026:05:07:06 +0000] \"GET /health HTTP/1.1\" 200 78 \"-\" \"-\"","service":"devops-prod-api"}
{"level":"info","message":"::1 - - [04/May/2026:05:07:36 +0000] \"GET /health HTTP/1.1\" 200 78 \"-\" \"-\"","service":"devops-prod-api"}
{"level":"info","message":"::1 - - [04/May/2026:05:08:07 +0000] \"GET /health HTTP/1.1\" 200 78 \"-\" \"-\"","service":"devops-prod-api"}
{"level":"info","message":"::1 - - [04/May/2026:05:08:37 +0000] \"GET /health HTTP/1.1\" 200 78 \"-\" \"-\"","service":"devops-prod-api"}
{"level":"info","message":"::1 - - [04/May/2026:05:09:07 +0000] \"GET /health HTTP/1.1\" 200 78 \"-\" \"-\"","service":"devops-prod-api"}
{"level":"info","message":"::1 - - [04/May/2026:05:09:38 +0000] \"GET /health HTTP/1.1\" 200 78 \"-\" \"-\"","service":"devops-prod-api"}
{"level":"info","message":"::1 - - [04/May/2026:05:10:08 +0000] \"GET /health HTTP/1.1\" 200 77 \"-\" \"-\"","service":"devops-prod-api"}
{"level":"info","message":"::1 - - [04/May/2026:05:10:38 +0000] \"GET /health HTTP/1.1\" 200 75 \"-\" \"-\"","service":"devops-prod-api"}
{"level":"info","message":"::1 - - [04/May/2026:05:11:09 +0000] \"GET /health HTTP/1.1\" 200 78 \"-\" \"-\"","service":"devops-prod-api"}
{"level":"info","message":"::1 - - [04/May/2026:05:11:39 +0000] \"GET /health HTTP/1.1\" 200 78 \"-\" \"-\"","service":"devops-prod-api"}
{"level":"info","message":"::1 - - [04/May/2026:05:12:10 +0000] \"GET /health HTTP/1.1\" 200 78 \"-\" \"-\"","service":"devops-prod-api"}
{"level":"info","message":"::1 - - [04/May/2026:05:12:41 +0000] \"GET /health HTTP/1.1\" 200 78 \"-\" \"-\"","service":"devops-prod-api"}
{"level":"info","message":"::1 - - [04/May/2026:05:13:11 +0000] \"GET /health HTTP/1.1\" 200 78 \"-\" \"-\"","service":"devops-prod-api"}
{"level":"info","message":"::1 - - [04/May/2026:05:13:42 +0000] \"GET /health HTTP/1.1\" 200 78 \"-\" \"-\"","service":"devops-prod-api"}
{"level":"info","message":"::1 - - [04/May/2026:05:14:12 +0000] \"GET /health HTTP/1.1\" 200 78 \"-\" \"-\"","service":"devops-prod-api"}
{"level":"info","message":"::1 - - [04/May/2026:05:14:43 +0000] \"GET /health HTTP/1.1\" 200 78 \"-\" \"-\"","service":"devops-prod-api"}
{"level":"info","message":"::1 - - [04/May/2026:05:15:13 +0000] \"GET /health HTTP/1.1\" 200 78 \"-\" \"-\"","service":"devops-prod-api"}
{"level":"info","message":"::1 - - [04/May/2026:05:15:43 +0000] \"GET /health HTTP/1.1\" 200 78 \"-\" \"-\"","service":"devops-prod-api"}
{"level":"info","message":"::1 - - [04/May/2026:05:16:15 +0000] \"GET /health HTTP/1.1\" 200 78 \"-\" \"-\"","service":"devops-prod-api"}
{"level":"info","message":"::1 - - [04/May/2026:05:16:46 +0000] \"GET /health HTTP/1.1\" 200 77 \"-\" \"-\"","service":"devops-prod-api"}
{"level":"info","message":"::1 - - [04/May/2026:05:17:16 +0000] \"GET /health HTTP/1.1\" 200 78 \"-\" \"-\"","service":"devops-prod-api"}
{"level":"info","message":"::1 - - [04/May/2026:05:17:46 +0000] \"GET /health HTTP/1.1\" 200 78 \"-\" \"-\"","service":"devops-prod-api"}
{"level":"info","message":"::1 - - [04/May/2026:05:18:16 +0000] \"GET /health HTTP/1.1\" 200 78 \"-\" \"-\"","service":"devops-prod-api"}
{"level":"info","message":"::1 - - [04/May/2026:05:18:46 +0000] \"GET /health HTTP/1.1\" 200 78 \"-\" \"-\"","service":"devops-prod-api"}
{"level":"info","message":"::1 - - [04/May/2026:05:19:17 +0000] \"GET /health HTTP/1.1\" 200 78 \"-\" \"-\"","service":"devops-prod-api"}
{"level":"info","message":"::1 - - [04/May/2026:05:19:47 +0000] \"GET /health HTTP/1.1\" 200 78 \"-\" \"-\"","service":"devops-prod-api"}
{"level":"info","message":"::1 - - [04/May/2026:05:20:17 +0000] \"GET /health HTTP/1.1\" 200 78 \"-\" \"-\"","service":"devops-prod-api"}
{"level":"info","message":"::1 - - [04/May/2026:05:20:47 +0000] \"GET /health HTTP/1.1\" 200 78 \"-\" \"-\"","service":"devops-prod-api"}
{"level":"info","message":"::1 - - [04/May/2026:05:21:18 +0000] \"GET /health HTTP/1.1\" 200 78 \"-\" \"-\"","service":"devops-prod-api"}
{"level":"info","message":"::1 - - [04/May/2026:05:21:48 +0000] \"GET /health HTTP/1.1\" 200 78 \"-\" \"-\"","service":"devops-prod-api"}
{"level":"info","message":"::1 - - [04/May/2026:05:22:18 +0000] \"GET /health HTTP/1.1\" 200 78 \"-\" \"-\"","service":"devops-prod-api"}
{"level":"info","message":"::1 - - [04/May/2026:05:22:49 +0000] \"GET /health HTTP/1.1\" 200 78 \"-\" \"-\"","service":"devops-prod-api"}
{"level":"info","message":"::1 - - [04/May/2026:05:23:19 +0000] \"GET /health HTTP/1.1\" 200 78 \"-\" \"-\"","service":"devops-prod-api"}
{"level":"info","message":"::1 - - [04/May/2026:05:23:49 +0000] \"GET /health HTTP/1.1\" 200 78 \"-\" \"-\"","service":"devops-prod-api"}
{"level":"info","message":"::1 - - [04/May/2026:05:24:20 +0000] \"GET /health HTTP/1.1\" 200 78 \"-\" \"-\"","service":"devops-prod-api"}
{"level":"info","message":"::1 - - [04/May/2026:05:24:50 +0000] \"GET /health HTTP/1.1\" 200 78 \"-\" \"-\"","service":"devops-prod-api"}
{"level":"info","message":"::1 - - [04/May/2026:05:25:20 +0000] \"GET /health HTTP/1.1\" 200 78 \"-\" \"-\"","service":"devops-prod-api"}
{"level":"info","message":"::1 - - [04/May/2026:05:25:51 +0000] \"GET /health HTTP/1.1\" 200 78 \"-\" \"-\"","service":"devops-prod-api"}
{"level":"info","message":"::1 - - [04/May/2026:05:26:21 +0000] \"GET /health HTTP/1.1\" 200 78 \"-\" \"-\"","service":"devops-prod-api"}
{"level":"info","message":"::1 - - [04/May/2026:05:26:51 +0000] \"GET /health HTTP/1.1\" 200 78 \"-\" \"-\"","service":"devops-prod-api"}
{"level":"info","message":"::1 - - [04/May/2026:05:27:22 +0000] \"GET /health HTTP/1.1\" 200 78 \"-\" \"-\"","service":"devops-prod-api"}
{"level":"info","message":"::1 - - [04/May/2026:05:27:52 +0000] \"GET /health HTTP/1.1\" 200 78 \"-\" \"-\"","service":"devops-prod-api"}
{"level":"info","message":"::1 - - [04/May/2026:05:28:22 +0000] \"GET /health HTTP/1.1\" 200 78 \"-\" \"-\"","service":"devops-prod-api"}
{"level":"info","message":"::1 - - [04/May/2026:05:28:53 +0000] \"GET /health HTTP/1.1\" 200 78 \"-\" \"-\"","service":"devops-prod-api"}
{"level":"info","message":"::1 - - [04/May/2026:05:29:23 +0000] \"GET /health HTTP/1.1\" 200 78 \"-\" \"-\"","service":"devops-prod-api"}
{"level":"info","message":"::1 - - [04/May/2026:05:29:53 +0000] \"GET /health HTTP/1.1\" 200 78 \"-\" \"-\"","service":"devops-prod-api"}
{"level":"info","message":"::1 - - [04/May/2026:05:30:24 +0000] \"GET /health HTTP/1.1\" 200 78 \"-\" \"-\"","service":"devops-prod-api"}
{"level":"info","message":"::1 - - [04/May/2026:05:30:54 +0000] \"GET /health HTTP/1.1\" 200 78 \"-\" \"-\"","service":"devops-prod-api"}
{"level":"info","message":"::1 - - [04/May/2026:05:31:24 +0000] \"GET /health HTTP/1.1\" 200 78 \"-\" \"-\"","service":"devops-prod-api"}
{"level":"info","message":"::1 - - [04/May/2026:05:31:55 +0000] \"GET /health HTTP/1.1\" 200 78 \"-\" \"-\"","service":"devops-prod-api"}
{"level":"info","message":"::1 - - [04/May/2026:05:32:25 +0000] \"GET /health HTTP/1.1\" 200 78 \"-\" \"-\"","service":"devops-prod-api"}
{"level":"info","message":"::1 - - [04/May/2026:05:32:55 +0000] \"GET /health HTTP/1.1\" 200 78 \"-\" \"-\"","service":"devops-prod-api"}
{"level":"info","message":"::1 - - [04/May/2026:05:33:26 +0000] \"GET /health HTTP/1.1\" 200 78 \"-\" \"-\"","service":"devops-prod-api"}
{"level":"info","message":"::1 - - [04/May/2026:05:33:56 +0000] \"GET /health HTTP/1.1\" 200 78 \"-\" \"-\"","service":"devops-prod-api"}
{"level":"info","message":"::1 - - [04/May/2026:05:34:26 +0000] \"GET /health HTTP/1.1\" 200 78 \"-\" \"-\"","service":"devops-prod-api"}
{"level":"info","message":"::1 - - [04/May/2026:05:34:57 +0000] \"GET /health HTTP/1.1\" 200 78 \"-\" \"-\"","service":"devops-prod-api"}
{"level":"info","message":"::1 - - [04/May/2026:05:35:27 +0000] \"GET /health HTTP/1.1\" 200 78 \"-\" \"-\"","service":"devops-prod-api"}
{"level":"info","message":"::1 - - [04/May/2026:05:35:57 +0000] \"GET /health HTTP/1.1\" 200 78 \"-\" \"-\"","service":"devops-prod-api"}
{"level":"info","message":"::1 - - [04/May/2026:05:36:28 +0000] \"GET /health HTTP/1.1\" 200 78 \"-\" \"-\"","service":"devops-prod-api"}
{"level":"info","message":"::1 - - [04/May/2026:05:36:58 +0000] \"GET /health HTTP/1.1\" 200 77 \"-\" \"-\"","service":"devops-prod-api"}
{"level":"info","message":"::1 - - [04/May/2026:05:37:28 +0000] \"GET /health HTTP/1.1\" 200 78 \"-\" \"-\"","service":"devops-prod-api"}
{"level":"info","message":"::1 - - [04/May/2026:05:37:59 +0000] \"GET /health HTTP/1.1\" 200 78 \"-\" \"-\"","service":"devops-prod-api"}
{"level":"info","message":"::1 - - [04/May/2026:05:38:29 +0000] \"GET /health HTTP/1.1\" 200 77 \"-\" \"-\"","service":"devops-prod-api"}
{"level":"info","message":"::1 - - [04/May/2026:05:38:59 +0000] \"GET /health HTTP/1.1\" 200 78 \"-\" \"-\"","service":"devops-prod-api"}
{"level":"info","message":"::1 - - [04/May/2026:05:39:30 +0000] \"GET /health HTTP/1.1\" 200 78 \"-\" \"-\"","service":"devops-prod-api"}
{"level":"info","message":"::1 - - [04/May/2026:05:40:00 +0000] \"GET /health HTTP/1.1\" 200 78 \"-\" \"-\"","service":"devops-prod-api"}
{"level":"info","message":"::1 - - [04/May/2026:05:40:30 +0000] \"GET /health HTTP/1.1\" 200 78 \"-\" \"-\"","service":"devops-prod-api"}
{"level":"info","message":"::1 - - [04/May/2026:05:41:01 +0000] \"GET /health HTTP/1.1\" 200 78 \"-\" \"-\"","service":"devops-prod-api"}
{"level":"info","message":"::1 - - [04/May/2026:05:41:31 +0000] \"GET /health HTTP/1.1\" 200 78 \"-\" \"-\"","service":"devops-prod-api"}
{"level":"info","message":"::1 - - [04/May/2026:05:42:01 +0000] \"GET /health HTTP/1.1\" 200 78 \"-\" \"-\"","service":"devops-prod-api"}
{"level":"info","message":"::1 - - [04/May/2026:05:42:32 +0000] \"GET /health HTTP/1.1\" 200 78 \"-\" \"-\"","service":"devops-prod-api"}
{"level":"info","message":"::1 - - [04/May/2026:05:43:02 +0000] \"GET /health HTTP/1.1\" 200 78 \"-\" \"-\"","service":"devops-prod-api"}
{"level":"info","message":"::1 - - [04/May/2026:05:43:33 +0000] \"GET /health HTTP/1.1\" 200 78 \"-\" \"-\"","service":"devops-prod-api"}
{"level":"info","message":"::1 - - [04/May/2026:05:44:03 +0000] \"GET /health HTTP/1.1\" 200 78 \"-\" \"-\"","service":"devops-prod-api"}
{"level":"info","message":"::1 - - [04/May/2026:05:44:33 +0000] \"GET /health HTTP/1.1\" 200 77 \"-\" \"-\"","service":"devops-prod-api"}
{"level":"info","message":"::1 - - [04/May/2026:05:45:04 +0000] \"GET /health HTTP/1.1\" 200 78 \"-\" \"-\"","service":"devops-prod-api"}
{"level":"info","message":"::1 - - [04/May/2026:05:45:34 +0000] \"GET /health HTTP/1.1\" 200 78 \"-\" \"-\"","service":"devops-prod-api"}
{"level":"info","message":"::1 - - [04/May/2026:05:46:05 +0000] \"GET /health HTTP/1.1\" 200 78 \"-\" \"-\"","service":"devops-prod-api"}
{"level":"info","message":"::1 - - [04/May/2026:05:46:35 +0000] \"GET /health HTTP/1.1\" 200 78 \"-\" \"-\"","service":"devops-prod-api"}
{"level":"info","message":"::1 - - [04/May/2026:05:47:05 +0000] \"GET /health HTTP/1.1\" 200 78 \"-\" \"-\"","service":"devops-prod-api"}
{"level":"info","message":"::1 - - [04/May/2026:05:47:36 +0000] \"GET /health HTTP/1.1\" 200 78 \"-\" \"-\"","service":"devops-prod-api"}
{"level":"info","message":"::1 - - [04/May/2026:05:48:06 +0000] \"GET /health HTTP/1.1\" 200 78 \"-\" \"-\"","service":"devops-prod-api"}
{"level":"info","message":"::1 - - [04/May/2026:05:48:36 +0000] \"GET /health HTTP/1.1\" 200 78 \"-\" \"-\"","service":"devops-prod-api"}
{"level":"info","message":"::1 - - [04/May/2026:05:49:07 +0000] \"GET /health HTTP/1.1\" 200 78 \"-\" \"-\"","service":"devops-prod-api"}
{"level":"info","message":"::1 - - [04/May/2026:05:49:37 +0000] \"GET /health HTTP/1.1\" 200 78 \"-\" \"-\"","service":"devops-prod-api"}
{"level":"info","message":"::1 - - [04/May/2026:05:50:07 +0000] \"GET /health HTTP/1.1\" 200 78 \"-\" \"-\"","service":"devops-prod-api"}
{"level":"info","message":"::1 - - [04/May/2026:05:50:37 +0000] \"GET /health HTTP/1.1\" 200 78 \"-\" \"-\"","service":"devops-prod-api"}
{"level":"info","message":"::1 - - [04/May/2026:05:51:08 +0000] \"GET /health HTTP/1.1\" 200 78 \"-\" \"-\"","service":"devops-prod-api"}
{"level":"info","message":"::1 - - [04/May/2026:05:51:38 +0000] \"GET /health HTTP/1.1\" 200 78 \"-\" \"-\"","service":"devops-prod-api"}
{"level":"info","message":"::1 - - [04/May/2026:05:52:09 +0000] \"GET /health HTTP/1.1\" 200 77 \"-\" \"-\"","service":"devops-prod-api"}
{"level":"info","message":"::1 - - [04/May/2026:05:52:39 +0000] \"GET /health HTTP/1.1\" 200 78 \"-\" \"-\"","service":"devops-prod-api"}
{"level":"info","message":"::1 - - [04/May/2026:05:53:09 +0000] \"GET /health HTTP/1.1\" 200 78 \"-\" \"-\"","service":"devops-prod-api"}
{"level":"info","message":"::1 - - [04/May/2026:05:53:40 +0000] \"GET /health HTTP/1.1\" 200 78 \"-\" \"-\"","service":"devops-prod-api"}
{"level":"info","message":"::1 - - [04/May/2026:05:54:10 +0000] \"GET /health HTTP/1.1\" 200 78 \"-\" \"-\"","service":"devops-prod-api"}
{"level":"info","message":"::1 - - [04/May/2026:05:54:40 +0000] \"GET /health HTTP/1.1\" 200 78 \"-\" \"-\"","service":"devops-prod-api"}
{"level":"info","message":"::1 - - [04/May/2026:05:55:10 +0000] \"GET /health HTTP/1.1\" 200 78 \"-\" \"-\"","service":"devops-prod-api"}
{"level":"info","message":"::1 - - [04/May/2026:05:55:41 +0000] \"GET /health HTTP/1.1\" 200 78 \"-\" \"-\"","service":"devops-prod-api"}
{"level":"info","message":"::1 - - [04/May/2026:05:56:11 +0000] \"GET /health HTTP/1.1\" 200 78 \"-\" \"-\"","service":"devops-prod-api"}
{"level":"info","message":"::1 - - [04/May/2026:05:56:42 +0000] \"GET /health HTTP/1.1\" 200 78 \"-\" \"-\"","service":"devops-prod-api"}
{"level":"info","message":"::1 - - [04/May/2026:05:57:12 +0000] \"GET /health HTTP/1.1\" 200 77 \"-\" \"-\"","service":"devops-prod-api"}
{"level":"info","message":"::1 - - [04/May/2026:05:57:42 +0000] \"GET /health HTTP/1.1\" 200 78 \"-\" \"-\"","service":"devops-prod-api"}
{"level":"info","message":"::1 - - [04/May/2026:05:58:13 +0000] \"GET /health HTTP/1.1\" 200 78 \"-\" \"-\"","service":"devops-prod-api"}
{"level":"info","message":"::1 - - [04/May/2026:05:58:43 +0000] \"GET /health HTTP/1.1\" 200 78 \"-\" \"-\"","service":"devops-prod-api"}
{"level":"info","message":"::1 - - [04/May/2026:05:59:13 +0000] \"GET /health HTTP/1.1\" 200 78 \"-\" \"-\"","service":"devops-prod-api"}
{"level":"info","message":"::1 - - [04/May/2026:05:59:43 +0000] \"GET /health HTTP/1.1\" 200 78 \"-\" \"-\"","service":"devops-prod-api"}
{"level":"info","message":"::1 - - [04/May/2026:06:00:14 +0000] \"GET /health HTTP/1.1\" 200 78 \"-\" \"-\"","service":"devops-prod-api"}
{"level":"info","message":"::1 - - [04/May/2026:06:00:44 +0000] \"GET /health HTTP/1.1\" 200 78 \"-\" \"-\"","service":"devops-prod-api"}
{"level":"info","message":"::1 - - [04/May/2026:06:01:14 +0000] \"GET /health HTTP/1.1\" 200 78 \"-\" \"-\"","service":"devops-prod-api"}
{"level":"info","message":"::1 - - [04/May/2026:06:01:45 +0000] \"GET /health HTTP/1.1\" 200 78 \"-\" \"-\"","service":"devops-prod-api"}
{"level":"info","message":"::1 - - [04/May/2026:06:02:15 +0000] \"GET /health HTTP/1.1\" 200 78 \"-\" \"-\"","service":"devops-prod-api"}
{"level":"info","message":"::1 - - [04/May/2026:06:02:45 +0000] \"GET /health HTTP/1.1\" 200 78 \"-\" \"-\"","service":"devops-prod-api"}
{"level":"info","message":"::1 - - [04/May/2026:06:03:16 +0000] \"GET /health HTTP/1.1\" 200 78 \"-\" \"-\"","service":"devops-prod-api"}
{"level":"info","message":"::1 - - [04/May/2026:06:03:46 +0000] \"GET /health HTTP/1.1\" 200 77 \"-\" \"-\"","service":"devops-prod-api"}
{"level":"info","message":"::1 - - [04/May/2026:06:04:16 +0000] \"GET /health HTTP/1.1\" 200 78 \"-\" \"-\"","service":"devops-prod-api"}
{"level":"info","message":"::1 - - [04/May/2026:06:04:47 +0000] \"GET /health HTTP/1.1\" 200 78 \"-\" \"-\"","service":"devops-prod-api"}
{"level":"info","message":"::1 - - [04/May/2026:06:05:17 +0000] \"GET /health HTTP/1.1\" 200 78 \"-\" \"-\"","service":"devops-prod-api"}
{"level":"info","message":"::1 - - [04/May/2026:06:05:47 +0000] \"GET /health HTTP/1.1\" 200 77 \"-\" \"-\"","service":"devops-prod-api"}
{"level":"info","message":"::1 - - [04/May/2026:06:06:18 +0000] \"GET /health HTTP/1.1\" 200 78 \"-\" \"-\"","service":"devops-prod-api"}
{"level":"info","message":"::1 - - [04/May/2026:06:06:48 +0000] \"GET /health HTTP/1.1\" 200 78 \"-\" \"-\"","service":"devops-prod-api"}
{"level":"info","message":"::1 - - [04/May/2026:06:07:18 +0000] \"GET /health HTTP/1.1\" 200 78 \"-\" \"-\"","service":"devops-prod-api"}
{"level":"info","message":"::1 - - [04/May/2026:06:07:49 +0000] \"GET /health HTTP/1.1\" 200 77 \"-\" \"-\"","service":"devops-prod-api"}
{"level":"info","message":"::1 - - [04/May/2026:06:08:19 +0000] \"GET /health HTTP/1.1\" 200 78 \"-\" \"-\"","service":"devops-prod-api"}
{"level":"info","message":"::1 - - [04/May/2026:06:08:49 +0000] \"GET /health HTTP/1.1\" 200 78 \"-\" \"-\"","service":"devops-prod-api"}
{"level":"info","message":"::1 - - [04/May/2026:06:09:20 +0000] \"GET /health HTTP/1.1\" 200 78 \"-\" \"-\"","service":"devops-prod-api"}
{"level":"info","message":"::1 - - [04/May/2026:06:09:50 +0000] \"GET /health HTTP/1.1\" 200 78 \"-\" \"-\"","service":"devops-prod-api"}
{"level":"info","message":"::1 - - [04/May/2026:06:10:20 +0000] \"GET /health HTTP/1.1\" 200 78 \"-\" \"-\"","service":"devops-prod-api"}
{"level":"info","message":"::1 - - [04/May/2026:06:10:51 +0000] \"GET /health HTTP/1.1\" 200 78 \"-\" \"-\"","service":"devops-prod-api"}
{"level":"info","message":"::1 - - [04/May/2026:06:11:22 +0000] \"GET /health HTTP/1.1\" 200 78 \"-\" \"-\"","service":"devops-prod-api"}
{"level":"info","message":"::1 - - [04/May/2026:06:11:52 +0000] \"GET /health HTTP/1.1\" 200 78 \"-\" \"-\"","service":"devops-prod-api"}
{"level":"info","message":"::1 - - [04/May/2026:06:12:22 +0000] \"GET /health HTTP/1.1\" 200 78 \"-\" \"-\"","service":"devops-prod-api"}
{"level":"info","message":"::1 - - [04/May/2026:06:12:53 +0000] \"GET /health HTTP/1.1\" 200 78 \"-\" \"-\"","service":"devops-prod-api"}
{"level":"info","message":"::1 - - [04/May/2026:06:13:23 +0000] \"GET /health HTTP/1.1\" 200 78 \"-\" \"-\"","service":"devops-prod-api"}
{"level":"info","message":"::1 - - [04/May/2026:06:13:54 +0000] \"GET /health HTTP/1.1\" 200 76 \"-\" \"-\"","service":"devops-prod-api"}
{"level":"info","message":"::1 - - [04/May/2026:06:14:24 +0000] \"GET /health HTTP/1.1\" 200 77 \"-\" \"-\"","service":"devops-prod-api"}
{"level":"info","message":"::1 - - [04/May/2026:06:14:54 +0000] \"GET /health HTTP/1.1\" 200 77 \"-\" \"-\"","service":"devops-prod-api"}
{"level":"info","message":"::1 - - [04/May/2026:06:15:24 +0000] \"GET /health HTTP/1.1\" 200 77 \"-\" \"-\"","service":"devops-prod-api"}
{"level":"info","message":"::1 - - [04/May/2026:06:15:55 +0000] \"GET /health HTTP/1.1\" 200 78 \"-\" \"-\"","service":"devops-prod-api"}
{"level":"info","message":"::1 - - [04/May/2026:06:16:25 +0000] \"GET /health HTTP/1.1\" 200 78 \"-\" \"-\"","service":"devops-prod-api"}
{"level":"info","message":"::1 - - [04/May/2026:06:16:55 +0000] \"GET /health HTTP/1.1\" 200 78 \"-\" \"-\"","service":"devops-prod-api"}
{"level":"info","message":"::1 - - [04/May/2026:06:17:25 +0000] \"GET /health HTTP/1.1\" 200 78 \"-\" \"-\"","service":"devops-prod-api"}
{"level":"info","message":"::1 - - [04/May/2026:06:17:56 +0000] \"GET /health HTTP/1.1\" 200 78 \"-\" \"-\"","service":"devops-prod-api"}
{"level":"info","message":"::1 - - [04/May/2026:06:18:26 +0000] \"GET /health HTTP/1.1\" 200 78 \"-\" \"-\"","service":"devops-prod-api"}
{"level":"info","message":"::1 - - [04/May/2026:06:18:56 +0000] \"GET /health HTTP/1.1\" 200 78 \"-\" \"-\"","service":"devops-prod-api"}
{"level":"info","message":"::1 - - [04/May/2026:06:19:26 +0000] \"GET /health HTTP/1.1\" 200 77 \"-\" \"-\"","service":"devops-prod-api"}
{"level":"info","message":"::1 - - [04/May/2026:06:19:57 +0000] \"GET /health HTTP/1.1\" 200 78 \"-\" \"-\"","service":"devops-prod-api"}
{"level":"info","message":"::1 - - [04/May/2026:06:20:27 +0000] \"GET /health HTTP/1.1\" 200 78 \"-\" \"-\"","service":"devops-prod-api"}
{"level":"info","message":"::1 - - [04/May/2026:06:20:57 +0000] \"GET /health HTTP/1.1\" 200 78 \"-\" \"-\"","service":"devops-prod-api"}
{"level":"info","message":"::1 - - [04/May/2026:06:21:28 +0000] \"GET /health HTTP/1.1\" 200 78 \"-\" \"-\"","service":"devops-prod-api"}
{"level":"info","message":"::1 - - [04/May/2026:06:21:58 +0000] \"GET /health HTTP/1.1\" 200 79 \"-\" \"-\"","service":"devops-prod-api"}
{"level":"info","message":"::1 - - [04/May/2026:06:22:28 +0000] \"GET /health HTTP/1.1\" 200 79 \"-\" \"-\"","service":"devops-prod-api"}
{"level":"info","message":"::1 - - [04/May/2026:06:22:59 +0000] \"GET /health HTTP/1.1\" 200 78 \"-\" \"-\"","service":"devops-prod-api"}
{"level":"info","message":"::1 - - [04/May/2026:06:23:29 +0000] \"GET /health HTTP/1.1\" 200 79 \"-\" \"-\"","service":"devops-prod-api"}
{"level":"info","message":"::1 - - [04/May/2026:06:23:59 +0000] \"GET /health HTTP/1.1\" 200 79 \"-\" \"-\"","service":"devops-prod-api"}
{"level":"info","message":"::1 - - [04/May/2026:06:24:30 +0000] \"GET /health HTTP/1.1\" 200 79 \"-\" \"-\"","service":"devops-prod-api"}
{"level":"info","message":"::1 - - [04/May/2026:06:25:00 +0000] \"GET /health HTTP/1.1\" 200 79 \"-\" \"-\"","service":"devops-prod-api"}
{"level":"info","message":"::1 - - [04/May/2026:06:25:30 +0000] \"GET /health HTTP/1.1\" 200 79 \"-\" \"-\"","service":"devops-prod-api"}
{"level":"info","message":"::1 - - [04/May/2026:06:26:00 +0000] \"GET /health HTTP/1.1\" 200 79 \"-\" \"-\"","service":"devops-prod-api"}
{"level":"info","message":"::1 - - [04/May/2026:06:26:31 +0000] \"GET /health HTTP/1.1\" 200 79 \"-\" \"-\"","service":"devops-prod-api"}
{"level":"info","message":"::1 - - [04/May/2026:06:27:01 +0000] \"GET /health HTTP/1.1\" 200 79 \"-\" \"-\"","service":"devops-prod-api"}
{"level":"info","message":"::1 - - [04/May/2026:06:27:31 +0000] \"GET /health HTTP/1.1\" 200 79 \"-\" \"-\"","service":"devops-prod-api"}
{"level":"info","message":"::1 - - [04/May/2026:06:28:01 +0000] \"GET /health HTTP/1.1\" 200 79 \"-\" \"-\"","service":"devops-prod-api"}
{"level":"info","message":"::1 - - [04/May/2026:06:28:32 +0000] \"GET /health HTTP/1.1\" 200 79 \"-\" \"-\"","service":"devops-prod-api"}
{"level":"info","message":"::1 - - [04/May/2026:06:29:02 +0000] \"GET /health HTTP/1.1\" 200 79 \"-\" \"-\"","service":"devops-prod-api"}
{"level":"info","message":"::1 - - [04/May/2026:06:29:32 +0000] \"GET /health HTTP/1.1\" 200 79 \"-\" \"-\"","service":"devops-prod-api"}
{"level":"info","message":"::1 - - [04/May/2026:06:30:03 +0000] \"GET /health HTTP/1.1\" 200 78 \"-\" \"-\"","service":"devops-prod-api"}
{"level":"info","message":"::1 - - [04/May/2026:06:30:33 +0000] \"GET /health HTTP/1.1\" 200 78 \"-\" \"-\"","service":"devops-prod-api"}
{"level":"info","message":"::1 - - [04/May/2026:06:31:03 +0000] \"GET /health HTTP/1.1\" 200 79 \"-\" \"-\"","service":"devops-prod-api"}
{"level":"info","message":"::1 - - [04/May/2026:06:31:33 +0000] \"GET /health HTTP/1.1\" 200 78 \"-\" \"-\"","service":"devops-prod-api"}
{"level":"info","message":"::1 - - [04/May/2026:06:32:04 +0000] \"GET /health HTTP/1.1\" 200 79 \"-\" \"-\"","service":"devops-prod-api"}
{"level":"info","message":"::1 - - [04/May/2026:06:32:34 +0000] \"GET /health HTTP/1.1\" 200 79 \"-\" \"-\"","service":"devops-prod-api"}
{"level":"info","message":"::1 - - [04/May/2026:06:33:04 +0000] \"GET /health HTTP/1.1\" 200 79 \"-\" \"-\"","service":"devops-prod-api"}
{"level":"info","message":"::1 - - [04/May/2026:06:33:34 +0000] \"GET /health HTTP/1.1\" 200 79 \"-\" \"-\"","service":"devops-prod-api"}
{"level":"info","message":"::1 - - [04/May/2026:06:34:05 +0000] \"GET /health HTTP/1.1\" 200 79 \"-\" \"-\"","service":"devops-prod-api"}
{"level":"info","message":"::1 - - [04/May/2026:06:34:35 +0000] \"GET /health HTTP/1.1\" 200 79 \"-\" \"-\"","service":"devops-prod-api"}
{"level":"info","message":"::1 - - [04/May/2026:06:35:05 +0000] \"GET /health HTTP/1.1\" 200 79 \"-\" \"-\"","service":"devops-prod-api"}
{"level":"info","message":"::1 - - [04/May/2026:06:35:36 +0000] \"GET /health HTTP/1.1\" 200 79 \"-\" \"-\"","service":"devops-prod-api"}
{"level":"info","message":"::1 - - [04/May/2026:06:36:06 +0000] \"GET /health HTTP/1.1\" 200 79 \"-\" \"-\"","service":"devops-prod-api"}
{"level":"info","message":"::1 - - [04/May/2026:06:36:36 +0000] \"GET /health HTTP/1.1\" 200 78 \"-\" \"-\"","service":"devops-prod-api"}
{"level":"info","message":"::1 - - [04/May/2026:06:37:06 +0000] \"GET /health HTTP/1.1\" 200 78 \"-\" \"-\"","service":"devops-prod-api"}
{"level":"info","message":"::1 - - [04/May/2026:06:37:37 +0000] \"GET /health HTTP/1.1\" 200 79 \"-\" \"-\"","service":"devops-prod-api"}
{"level":"info","message":"::1 - - [04/May/2026:06:38:07 +0000] \"GET /health HTTP/1.1\" 200 79 \"-\" \"-\"","service":"devops-prod-api"}
{"level":"info","message":"::1 - - [04/May/2026:06:38:37 +0000] \"GET /health HTTP/1.1\" 200 79 \"-\" \"-\"","service":"devops-prod-api"}
{"level":"info","message":"::1 - - [04/May/2026:06:39:07 +0000] \"GET /health HTTP/1.1\" 200 79 \"-\" \"-\"","service":"devops-prod-api"}
{"level":"info","message":"::1 - - [04/May/2026:06:39:38 +0000] \"GET /health HTTP/1.1\" 200 79 \"-\" \"-\"","service":"devops-prod-api"}
{"level":"info","message":"::1 - - [04/May/2026:06:40:08 +0000] \"GET /health HTTP/1.1\" 200 79 \"-\" \"-\"","service":"devops-prod-api"}
{"level":"info","message":"::1 - - [04/May/2026:06:40:38 +0000] \"GET /health HTTP/1.1\" 200 79 \"-\" \"-\"","service":"devops-prod-api"}
{"level":"info","message":"::1 - - [04/May/2026:06:41:09 +0000] \"GET /health HTTP/1.1\" 200 79 \"-\" \"-\"","service":"devops-prod-api"}
{"level":"info","message":"::1 - - [04/May/2026:06:41:39 +0000] \"GET /health HTTP/1.1\" 200 79 \"-\" \"-\"","service":"devops-prod-api"}
{"level":"info","message":"::1 - - [04/May/2026:06:42:09 +0000] \"GET /health HTTP/1.1\" 200 79 \"-\" \"-\"","service":"devops-prod-api"}
{"level":"info","message":"::1 - - [04/May/2026:06:42:39 +0000] \"GET /health HTTP/1.1\" 200 79 \"-\" \"-\"","service":"devops-prod-api"}
{"level":"info","message":"::1 - - [04/May/2026:06:43:10 +0000] \"GET /health HTTP/1.1\" 200 79 \"-\" \"-\"","service":"devops-prod-api"}
{"level":"info","message":"::1 - - [04/May/2026:06:43:40 +0000] \"GET /health HTTP/1.1\" 200 79 \"-\" \"-\"","service":"devops-prod-api"}
{"level":"info","message":"::1 - - [04/May/2026:06:44:10 +0000] \"GET /health HTTP/1.1\" 200 79 \"-\" \"-\"","service":"devops-prod-api"}
{"level":"info","message":"::1 - - [04/May/2026:06:44:40 +0000] \"GET /health HTTP/1.1\" 200 78 \"-\" \"-\"","service":"devops-prod-api"}
{"level":"info","message":"::1 - - [04/May/2026:06:45:11 +0000] \"GET /health HTTP/1.1\" 200 79 \"-\" \"-\"","service":"devops-prod-api"}
{"level":"info","message":"::1 - - [04/May/2026:06:45:41 +0000] \"GET /health HTTP/1.1\" 200 79 \"-\" \"-\"","service":"devops-prod-api"}
{"level":"info","message":"::1 - - [04/May/2026:06:46:11 +0000] \"GET /health HTTP/1.1\" 200 79 \"-\" \"-\"","service":"devops-prod-api"}
{"level":"info","message":"::1 - - [04/May/2026:06:46:41 +0000] \"GET /health HTTP/1.1\" 200 79 \"-\" \"-\"","service":"devops-prod-api"}
{"level":"info","message":"::1 - - [04/May/2026:06:47:12 +0000] \"GET /health HTTP/1.1\" 200 79 \"-\" \"-\"","service":"devops-prod-api"}
{"level":"info","message":"::1 - - [04/May/2026:06:47:42 +0000] \"GET /health HTTP/1.1\" 200 79 \"-\" \"-\"","service":"devops-prod-api"}
{"level":"info","message":"::1 - - [04/May/2026:06:48:12 +0000] \"GET /health HTTP/1.1\" 200 79 \"-\" \"-\"","service":"devops-prod-api"}
{"level":"info","message":"::1 - - [04/May/2026:06:48:42 +0000] \"GET /health HTTP/1.1\" 200 79 \"-\" \"-\"","service":"devops-prod-api"}
{"level":"info","message":"::1 - - [04/May/2026:06:49:12 +0000] \"GET /health HTTP/1.1\" 200 79 \"-\" \"-\"","service":"devops-prod-api"}
{"level":"info","message":"::1 - - [04/May/2026:06:49:43 +0000] \"GET /health HTTP/1.1\" 200 79 \"-\" \"-\"","service":"devops-prod-api"}
{"level":"info","message":"::1 - - [04/May/2026:06:50:13 +0000] \"GET /health HTTP/1.1\" 200 79 \"-\" \"-\"","service":"devops-prod-api"}
{"level":"info","message":"::1 - - [04/May/2026:06:50:43 +0000] \"GET /health HTTP/1.1\" 200 79 \"-\" \"-\"","service":"devops-prod-api"}
{"level":"info","message":"::1 - - [04/May/2026:06:51:13 +0000] \"GET /health HTTP/1.1\" 200 79 \"-\" \"-\"","service":"devops-prod-api"}
{"level":"info","message":"::1 - - [04/May/2026:06:51:44 +0000] \"GET /health HTTP/1.1\" 200 79 \"-\" \"-\"","service":"devops-prod-api"}
{"level":"info","message":"::1 - - [04/May/2026:06:52:14 +0000] \"GET /health HTTP/1.1\" 200 79 \"-\" \"-\"","service":"devops-prod-api"}
{"level":"info","message":"::1 - - [04/May/2026:06:52:44 +0000] \"GET /health HTTP/1.1\" 200 79 \"-\" \"-\"","service":"devops-prod-api"}
{"level":"info","message":"::1 - - [04/May/2026:06:53:15 +0000] \"GET /health HTTP/1.1\" 200 78 \"-\" \"-\"","service":"devops-prod-api"}
{"level":"info","message":"::1 - - [04/May/2026:06:53:45 +0000] \"GET /health HTTP/1.1\" 200 79 \"-\" \"-\"","service":"devops-prod-api"}
{"level":"info","message":"::1 - - [04/May/2026:06:54:15 +0000] \"GET /health HTTP/1.1\" 200 79 \"-\" \"-\"","service":"devops-prod-api"}
{"level":"info","message":"::1 - - [04/May/2026:06:54:45 +0000] \"GET /health HTTP/1.1\" 200 79 \"-\" \"-\"","service":"devops-prod-api"}
{"level":"info","message":"::1 - - [04/May/2026:06:55:16 +0000] \"GET /health HTTP/1.1\" 200 79 \"-\" \"-\"","service":"devops-prod-api"}
{"level":"info","message":"::1 - - [04/May/2026:06:55:46 +0000] \"GET /health HTTP/1.1\" 200 79 \"-\" \"-\"","service":"devops-prod-api"}
{"level":"info","message":"::1 - - [04/May/2026:06:56:16 +0000] \"GET /health HTTP/1.1\" 200 79 \"-\" \"-\"","service":"devops-prod-api"}
{"level":"info","message":"::1 - - [04/May/2026:06:56:46 +0000] \"GET /health HTTP/1.1\" 200 79 \"-\" \"-\"","service":"devops-prod-api"}
{"level":"info","message":"::1 - - [04/May/2026:06:57:17 +0000] \"GET /health HTTP/1.1\" 200 79 \"-\" \"-\"","service":"devops-prod-api"}
{"level":"info","message":"::1 - - [04/May/2026:06:57:47 +0000] \"GET /health HTTP/1.1\" 200 79 \"-\" \"-\"","service":"devops-prod-api"}
{"level":"info","message":"::1 - - [04/May/2026:06:58:17 +0000] \"GET /health HTTP/1.1\" 200 78 \"-\" \"-\"","service":"devops-prod-api"}
{"level":"info","message":"::1 - - [04/May/2026:06:58:47 +0000] \"GET /health HTTP/1.1\" 200 79 \"-\" \"-\"","service":"devops-prod-api"}
{"level":"info","message":"::1 - - [04/May/2026:06:59:18 +0000] \"GET /health HTTP/1.1\" 200 79 \"-\" \"-\"","service":"devops-prod-api"}
{"level":"info","message":"::1 - - [04/May/2026:06:59:48 +0000] \"GET /health HTTP/1.1\" 200 79 \"-\" \"-\"","service":"devops-prod-api"}
{"level":"info","message":"::1 - - [04/May/2026:07:00:18 +0000] \"GET /health HTTP/1.1\" 200 79 \"-\" \"-\"","service":"devops-prod-api"}
{"level":"info","message":"::1 - - [04/May/2026:07:00:48 +0000] \"GET /health HTTP/1.1\" 200 79 \"-\" \"-\"","service":"devops-prod-api"}
{"level":"info","message":"::1 - - [04/May/2026:07:01:19 +0000] \"GET /health HTTP/1.1\" 200 79 \"-\" \"-\"","service":"devops-prod-api"}
{"level":"info","message":"::1 - - [04/May/2026:07:01:49 +0000] \"GET /health HTTP/1.1\" 200 79 \"-\" \"-\"","service":"devops-prod-api"}
{"level":"info","message":"::1 - - [04/May/2026:07:02:19 +0000] \"GET /health HTTP/1.1\" 200 78 \"-\" \"-\"","service":"devops-prod-api"}
{"level":"info","message":"::1 - - [04/May/2026:07:02:49 +0000] \"GET /health HTTP/1.1\" 200 79 \"-\" \"-\"","service":"devops-prod-api"}
{"level":"info","message":"::1 - - [04/May/2026:07:03:20 +0000] \"GET /health HTTP/1.1\" 200 79 \"-\" \"-\"","service":"devops-prod-api"}
{"level":"info","message":"::1 - - [04/May/2026:07:03:50 +0000] \"GET /health HTTP/1.1\" 200 79 \"-\" \"-\"","service":"devops-prod-api"}
{"level":"info","message":"::1 - - [04/May/2026:07:04:20 +0000] \"GET /health HTTP/1.1\" 200 79 \"-\" \"-\"","service":"devops-prod-api"}
{"level":"info","message":"::1 - - [04/May/2026:07:04:50 +0000] \"GET /health HTTP/1.1\" 200 78 \"-\" \"-\"","service":"devops-prod-api"}
{"level":"info","message":"::1 - - [04/May/2026:07:05:21 +0000] \"GET /health HTTP/1.1\" 200 79 \"-\" \"-\"","service":"devops-prod-api"}
{"level":"info","message":"::1 - - [04/May/2026:07:05:51 +0000] \"GET /health HTTP/1.1\" 200 79 \"-\" \"-\"","service":"devops-prod-api"}
{"level":"info","message":"::1 - - [04/May/2026:07:06:21 +0000] \"GET /health HTTP/1.1\" 200 79 \"-\" \"-\"","service":"devops-prod-api"}
{"level":"info","message":"::1 - - [04/May/2026:07:06:51 +0000] \"GET /health HTTP/1.1\" 200 79 \"-\" \"-\"","service":"devops-prod-api"}
{"level":"info","message":"::1 - - [04/May/2026:07:07:21 +0000] \"GET /health HTTP/1.1\" 200 79 \"-\" \"-\"","service":"devops-prod-api"}
{"level":"info","message":"::1 - - [04/May/2026:07:07:52 +0000] \"GET /health HTTP/1.1\" 200 79 \"-\" \"-\"","service":"devops-prod-api"}
{"level":"info","message":"::1 - - [04/May/2026:07:08:22 +0000] \"GET /health HTTP/1.1\" 200 79 \"-\" \"-\"","service":"devops-prod-api"}
{"level":"info","message":"::1 - - [04/May/2026:07:08:52 +0000] \"GET /health HTTP/1.1\" 200 79 \"-\" \"-\"","service":"devops-prod-api"}
{"level":"info","message":"::1 - - [04/May/2026:07:09:22 +0000] \"GET /health HTTP/1.1\" 200 79 \"-\" \"-\"","service":"devops-prod-api"}
{"level":"info","message":"::1 - - [04/May/2026:07:09:53 +0000] \"GET /health HTTP/1.1\" 200 79 \"-\" \"-\"","service":"devops-prod-api"}
{"level":"info","message":"::1 - - [04/May/2026:07:10:23 +0000] \"GET /health HTTP/1.1\" 200 79 \"-\" \"-\"","service":"devops-prod-api"}
{"level":"info","message":"::1 - - [04/May/2026:07:10:53 +0000] \"GET /health HTTP/1.1\" 200 79 \"-\" \"-\"","service":"devops-prod-api"}
{"level":"info","message":"::1 - - [04/May/2026:07:11:23 +0000] \"GET /health HTTP/1.1\" 200 79 \"-\" \"-\"","service":"devops-prod-api"}
{"level":"info","message":"::1 - - [04/May/2026:07:11:54 +0000] \"GET /health HTTP/1.1\" 200 79 \"-\" \"-\"","service":"devops-prod-api"}
{"level":"info","message":"::1 - - [04/May/2026:07:12:24 +0000] \"GET /health HTTP/1.1\" 200 79 \"-\" \"-\"","service":"devops-prod-api"}
{"level":"info","message":"::1 - - [04/May/2026:07:12:54 +0000] \"GET /health HTTP/1.1\" 200 79 \"-\" \"-\"","service":"devops-prod-api"}
{"level":"info","message":"::1 - - [04/May/2026:07:13:24 +0000] \"GET /health HTTP/1.1\" 200 79 \"-\" \"-\"","service":"devops-prod-api"}
{"level":"info","message":"::1 - - [04/May/2026:07:13:55 +0000] \"GET /health HTTP/1.1\" 200 79 \"-\" \"-\"","service":"devops-prod-api"}
{"level":"info","message":"::1 - - [04/May/2026:07:14:25 +0000] \"GET /health HTTP/1.1\" 200 79 \"-\" \"-\"","service":"devops-prod-api"}
{"level":"info","message":"::1 - - [04/May/2026:07:14:55 +0000] \"GET /health HTTP/1.1\" 200 79 \"-\" \"-\"","service":"devops-prod-api"}
{"level":"info","message":"::1 - - [04/May/2026:07:15:25 +0000] \"GET /health HTTP/1.1\" 200 79 \"-\" \"-\"","service":"devops-prod-api"}
{"level":"info","message":"::1 - - [04/May/2026:07:15:56 +0000] \"GET /health HTTP/1.1\" 200 79 \"-\" \"-\"","service":"devops-prod-api"}
{"level":"info","message":"::1 - - [04/May/2026:07:18:04 +0000] \"GET /health HTTP/1.1\" 200 79 \"-\" \"-\"","service":"devops-prod-api"}
{"level":"info","message":"::1 - - [04/May/2026:07:18:36 +0000] \"GET /health HTTP/1.1\" 200 79 \"-\" \"-\"","service":"devops-prod-api"}
{"level":"info","message":"::1 - - [04/May/2026:07:19:06 +0000] \"GET /health HTTP/1.1\" 200 79 \"-\" \"-\"","service":"devops-prod-api"}
{"level":"info","message":"::1 - - [04/May/2026:07:19:36 +0000] \"GET /health HTTP/1.1\" 200 79 \"-\" \"-\"","service":"devops-prod-api"}
{"level":"info","message":"::1 - - [04/May/2026:07:20:07 +0000] \"GET /health HTTP/1.1\" 200 79 \"-\" \"-\"","service":"devops-prod-api"}
{"level":"info","message":"::1 - - [04/May/2026:07:20:39 +0000] \"GET /health HTTP/1.1\" 200 79 \"-\" \"-\"","service":"devops-prod-api"}
{"level":"info","message":"::1 - - [04/May/2026:07:21:11 +0000] \"GET /health HTTP/1.1\" 200 79 \"-\" \"-\"","service":"devops-prod-api"}
{"level":"info","message":"::1 - - [04/May/2026:07:21:41 +0000] \"GET /health HTTP/1.1\" 200 79 \"-\" \"-\"","service":"devops-prod-api"}
{"level":"info","message":"::1 - - [04/May/2026:07:22:12 +0000] \"GET /health HTTP/1.1\" 200 79 \"-\" \"-\"","service":"devops-prod-api"}
{"level":"info","message":"::1 - - [04/May/2026:07:22:42 +0000] \"GET /health HTTP/1.1\" 200 79 \"-\" \"-\"","service":"devops-prod-api"}
{"level":"info","message":"::1 - - [04/May/2026:07:23:12 +0000] \"GET /health HTTP/1.1\" 200 79 \"-\" \"-\"","service":"devops-prod-api"}
{"level":"info","message":"::1 - - [04/May/2026:07:23:43 +0000] \"GET /health HTTP/1.1\" 200 79 \"-\" \"-\"","service":"devops-prod-api"}
{"level":"info","message":"::1 - - [04/May/2026:07:24:13 +0000] \"GET /health HTTP/1.1\" 200 79 \"-\" \"-\"","service":"devops-prod-api"}
{"level":"info","message":"::1 - - [04/May/2026:07:24:43 +0000] \"GET /health HTTP/1.1\" 200 79 \"-\" \"-\"","service":"devops-prod-api"}
{"level":"info","message":"::1 - - [04/May/2026:07:25:14 +0000] \"GET /health HTTP/1.1\" 200 79 \"-\" \"-\"","service":"devops-prod-api"}
{"level":"info","message":"::1 - - [04/May/2026:07:25:44 +0000] \"GET /health HTTP/1.1\" 200 78 \"-\" \"-\"","service":"devops-prod-api"}
{"level":"info","message":"::1 - - [04/May/2026:07:26:14 +0000] \"GET /health HTTP/1.1\" 200 79 \"-\" \"-\"","service":"devops-prod-api"}
{"level":"info","message":"::1 - - [04/May/2026:07:26:44 +0000] \"GET /health HTTP/1.1\" 200 78 \"-\" \"-\"","service":"devops-prod-api"}
{"level":"info","message":"::1 - - [04/May/2026:07:27:15 +0000] \"GET /health HTTP/1.1\" 200 79 \"-\" \"-\"","service":"devops-prod-api"}
{"level":"info","message":"::1 - - [04/May/2026:18:02:09 +0000] \"GET /health HTTP/1.1\" - - \"-\" \"-\"","service":"devops-prod-api"}
{"level":"info","message":"::1 - - [04/May/2026:18:02:40 +0000] \"GET /health HTTP/1.1\" 200 79 \"-\" \"-\"","service":"devops-prod-api"}
{"level":"info","message":"::1 - - [04/May/2026:18:03:11 +0000] \"GET /health HTTP/1.1\" 200 79 \"-\" \"-\"","service":"devops-prod-api"}
{"level":"info","message":"::1 - - [04/May/2026:18:03:41 +0000] \"GET /health HTTP/1.1\" 200 79 \"-\" \"-\"","service":"devops-prod-api"}
{"level":"info","message":"::1 - - [04/May/2026:18:04:12 +0000] \"GET /health HTTP/1.1\" 200 79 \"-\" \"-\"","service":"devops-prod-api"}
{"level":"info","message":"::1 - - [04/May/2026:18:04:42 +0000] \"GET /health HTTP/1.1\" 200 79 \"-\" \"-\"","service":"devops-prod-api"}
{"level":"info","message":"::1 - - [04/May/2026:18:05:12 +0000] \"GET /health HTTP/1.1\" 200 79 \"-\" \"-\"","service":"devops-prod-api"}
{"level":"info","message":"::1 - - [04/May/2026:18:05:43 +0000] \"GET /health HTTP/1.1\" 200 79 \"-\" \"-\"","service":"devops-prod-api"}
{"level":"info","message":"::1 - - [04/May/2026:18:06:13 +0000] \"GET /health HTTP/1.1\" 200 79 \"-\" \"-\"","service":"devops-prod-api"}
{"level":"info","message":"::1 - - [04/May/2026:18:06:43 +0000] \"GET /health HTTP/1.1\" 200 79 \"-\" \"-\"","service":"devops-prod-api"}
{"level":"info","message":"::1 - - [04/May/2026:18:07:14 +0000] \"GET /health HTTP/1.1\" 200 79 \"-\" \"-\"","service":"devops-prod-api"}
{"level":"info","message":"::1 - - [04/May/2026:18:07:44 +0000] \"GET /health HTTP/1.1\" 200 79 \"-\" \"-\"","service":"devops-prod-api"}
{"level":"info","message":"::1 - - [04/May/2026:18:08:14 +0000] \"GET /health HTTP/1.1\" 200 78 \"-\" \"-\"","service":"devops-prod-api"}
{"level":"info","message":"::1 - - [04/May/2026:18:08:45 +0000] \"GET /health HTTP/1.1\" 200 78 \"-\" \"-\"","service":"devops-prod-api"}
{"level":"info","message":"::1 - - [04/May/2026:18:09:15 +0000] \"GET /health HTTP/1.1\" 200 79 \"-\" \"-\"","service":"devops-prod-api"}
{"level":"info","message":"::1 - - [04/May/2026:18:09:46 +0000] \"GET /health HTTP/1.1\" 200 79 \"-\" \"-\"","service":"devops-prod-api"}
{"level":"info","message":"::1 - - [04/May/2026:18:10:16 +0000] \"GET /health HTTP/1.1\" 200 79 \"-\" \"-\"","service":"devops-prod-api"}
{"level":"info","message":"::1 - - [04/May/2026:18:10:46 +0000] \"GET /health HTTP/1.1\" 200 79 \"-\" \"-\"","service":"devops-prod-api"}
{"level":"info","message":"::1 - - [04/May/2026:18:11:17 +0000] \"GET /health HTTP/1.1\" 200 79 \"-\" \"-\"","service":"devops-prod-api"}
{"level":"info","message":"::1 - - [04/May/2026:18:11:47 +0000] \"GET /health HTTP/1.1\" 200 79 \"-\" \"-\"","service":"devops-prod-api"}
{"level":"info","message":"::1 - - [04/May/2026:18:12:18 +0000] \"GET /health HTTP/1.1\" 200 79 \"-\" \"-\"","service":"devops-prod-api"}
{"level":"info","message":"::1 - - [04/May/2026:18:12:48 +0000] \"GET /health HTTP/1.1\" 200 79 \"-\" \"-\"","service":"devops-prod-api"}
{"level":"info","message":"::1 - - [04/May/2026:18:13:19 +0000] \"GET /health HTTP/1.1\" 200 78 \"-\" \"-\"","service":"devops-prod-api"}
{"level":"info","message":"::1 - - [04/May/2026:18:13:49 +0000] \"GET /health HTTP/1.1\" 200 79 \"-\" \"-\"","service":"devops-prod-api"}
{"level":"info","message":"::1 - - [04/May/2026:18:14:19 +0000] \"GET /health HTTP/1.1\" 200 79 \"-\" \"-\"","service":"devops-prod-api"}
{"level":"info","message":"::1 - - [04/May/2026:18:14:50 +0000] \"GET /health HTTP/1.1\" 200 78 \"-\" \"-\"","service":"devops-prod-api"}
{"level":"info","message":"::1 - - [04/May/2026:18:15:20 +0000] \"GET /health HTTP/1.1\" 200 79 \"-\" \"-\"","service":"devops-prod-api"}
{"level":"info","message":"::1 - - [04/May/2026:18:15:50 +0000] \"GET /health HTTP/1.1\" 200 78 \"-\" \"-\"","service":"devops-prod-api"}
{"level":"info","message":"::1 - - [04/May/2026:18:16:21 +0000] \"GET /health HTTP/1.1\" 200 79 \"-\" \"-\"","service":"devops-prod-api"}
{"level":"info","message":"::1 - - [04/May/2026:18:16:51 +0000] \"GET /health HTTP/1.1\" 200 79 \"-\" \"-\"","service":"devops-prod-api"}
{"level":"info","message":"::1 - - [04/May/2026:18:17:21 +0000] \"GET /health HTTP/1.1\" 200 79 \"-\" \"-\"","service":"devops-prod-api"}
{"level":"info","message":"::1 - - [04/May/2026:18:17:52 +0000] \"GET /health HTTP/1.1\" 200 79 \"-\" \"-\"","service":"devops-prod-api"}
{"level":"info","message":"::1 - - [04/May/2026:18:18:22 +0000] \"GET /health HTTP/1.1\" 200 79 \"-\" \"-\"","service":"devops-prod-api"}
{"level":"info","message":"::1 - - [04/May/2026:18:18:52 +0000] \"GET /health HTTP/1.1\" 200 78 \"-\" \"-\"","service":"devops-prod-api"}
{"level":"info","message":"::1 - - [04/May/2026:18:19:23 +0000] \"GET /health HTTP/1.1\" 200 79 \"-\" \"-\"","service":"devops-prod-api"}
{"level":"info","message":"::1 - - [04/May/2026:18:19:53 +0000] \"GET /health HTTP/1.1\" 200 79 \"-\" \"-\"","service":"devops-prod-api"}
{"level":"info","message":"::1 - - [04/May/2026:18:20:23 +0000] \"GET /health HTTP/1.1\" 200 78 \"-\" \"-\"","service":"devops-prod-api"}
{"level":"info","message":"::1 - - [04/May/2026:18:20:54 +0000] \"GET /health HTTP/1.1\" 200 79 \"-\" \"-\"","service":"devops-prod-api"}
{"level":"info","message":"::1 - - [04/May/2026:18:21:24 +0000] \"GET /health HTTP/1.1\" 200 79 \"-\" \"-\"","service":"devops-prod-api"}
{"level":"info","message":"::1 - - [04/May/2026:18:21:54 +0000] \"GET /health HTTP/1.1\" 200 79 \"-\" \"-\"","service":"devops-prod-api"}
{"level":"info","message":"::1 - - [04/May/2026:18:22:25 +0000] \"GET /health HTTP/1.1\" 200 79 \"-\" \"-\"","service":"devops-prod-api"}
{"level":"info","message":"::1 - - [04/May/2026:18:22:55 +0000] \"GET /health HTTP/1.1\" 200 79 \"-\" \"-\"","service":"devops-prod-api"}
{"level":"info","message":"::1 - - [04/May/2026:18:23:26 +0000] \"GET /health HTTP/1.1\" 200 79 \"-\" \"-\"","service":"devops-prod-api"}
{"level":"info","message":"::1 - - [04/May/2026:18:23:56 +0000] \"GET /health HTTP/1.1\" 200 79 \"-\" \"-\"","service":"devops-prod-api"}
{"level":"info","message":"::1 - - [04/May/2026:18:24:26 +0000] \"GET /health HTTP/1.1\" 200 79 \"-\" \"-\"","service":"devops-prod-api"}
{"level":"info","message":"::1 - - [04/May/2026:18:24:57 +0000] \"GET /health HTTP/1.1\" 200 79 \"-\" \"-\"","service":"devops-prod-api"}
{"level":"info","message":"::1 - - [04/May/2026:18:25:27 +0000] \"GET /health HTTP/1.1\" 200 79 \"-\" \"-\"","service":"devops-prod-api"}
{"level":"info","message":"::1 - - [04/May/2026:18:25:57 +0000] \"GET /health HTTP/1.1\" 200 79 \"-\" \"-\"","service":"devops-prod-api"}
{"level":"info","message":"::1 - - [04/May/2026:18:26:28 +0000] \"GET /health HTTP/1.1\" 200 79 \"-\" \"-\"","service":"devops-prod-api"}
{"level":"info","message":"::1 - - [04/May/2026:18:26:58 +0000] \"GET /health HTTP/1.1\" 200 79 \"-\" \"-\"","service":"devops-prod-api"}
{"level":"info","message":"::1 - - [04/May/2026:18:27:28 +0000] \"GET /health HTTP/1.1\" 200 79 \"-\" \"-\"","service":"devops-prod-api"}
{"level":"info","message":"::1 - - [04/May/2026:18:27:59 +0000] \"GET /health HTTP/1.1\" 200 79 \"-\" \"-\"","service":"devops-prod-api"}
{"level":"info","message":"::1 - - [04/May/2026:18:28:29 +0000] \"GET /health HTTP/1.1\" 200 79 \"-\" \"-\"","service":"devops-prod-api"}
{"level":"info","message":"::1 - - [04/May/2026:18:28:59 +0000] \"GET /health HTTP/1.1\" 200 78 \"-\" \"-\"","service":"devops-prod-api"}
{"level":"info","message":"::1 - - [04/May/2026:18:29:30 +0000] \"GET /health HTTP/1.1\" 200 79 \"-\" \"-\"","service":"devops-prod-api"}
{"level":"info","message":"::1 - - [04/May/2026:18:30:00 +0000] \"GET /health HTTP/1.1\" 200 79 \"-\" \"-\"","service":"devops-prod-api"}
{"level":"info","message":"::1 - - [04/May/2026:18:30:31 +0000] \"GET /health HTTP/1.1\" 200 79 \"-\" \"-\"","service":"devops-prod-api"}
{"level":"info","message":"::1 - - [04/May/2026:18:31:01 +0000] \"GET /health HTTP/1.1\" 200 79 \"-\" \"-\"","service":"devops-prod-api"}
{"level":"info","message":"::1 - - [04/May/2026:18:31:31 +0000] \"GET /health HTTP/1.1\" 200 78 \"-\" \"-\"","service":"devops-prod-api"}
{"level":"info","message":"::1 - - [04/May/2026:18:32:01 +0000] \"GET /health HTTP/1.1\" 200 79 \"-\" \"-\"","service":"devops-prod-api"}
{"level":"info","message":"::1 - - [04/May/2026:18:32:32 +0000] \"GET /health HTTP/1.1\" 200 79 \"-\" \"-\"","service":"devops-prod-api"}
{"level":"info","message":"::1 - - [04/May/2026:18:33:02 +0000] \"GET /health HTTP/1.1\" 200 79 \"-\" \"-\"","service":"devops-prod-api"}
{"level":"info","message":"::1 - - [04/May/2026:18:33:32 +0000] \"GET /health HTTP/1.1\" 200 79 \"-\" \"-\"","service":"devops-prod-api"}
{"level":"info","message":"::1 - - [04/May/2026:18:34:03 +0000] \"GET /health HTTP/1.1\" 200 79 \"-\" \"-\"","service":"devops-prod-api"}
{"level":"info","message":"::1 - - [04/May/2026:18:34:33 +0000] \"GET /health HTTP/1.1\" 200 79 \"-\" \"-\"","service":"devops-prod-api"}
{"level":"info","message":"::1 - - [04/May/2026:18:35:03 +0000] \"GET /health HTTP/1.1\" 200 79 \"-\" \"-\"","service":"devops-prod-api"}
{"level":"info","message":"::1 - - [04/May/2026:18:35:34 +0000] \"GET /health HTTP/1.1\" 200 77 \"-\" \"-\"","service":"devops-prod-api"}
{"level":"info","message":"::1 - - [04/May/2026:18:36:04 +0000] \"GET /health HTTP/1.1\" 200 79 \"-\" \"-\"","service":"devops-prod-api"}
{"level":"info","message":"::1 - - [04/May/2026:18:36:34 +0000] \"GET /health HTTP/1.1\" 200 79 \"-\" \"-\"","service":"devops-prod-api"}
{"level":"info","message":"::1 - - [04/May/2026:18:37:05 +0000] \"GET /health HTTP/1.1\" 200 79 \"-\" \"-\"","service":"devops-prod-api"}
{"level":"info","message":"::1 - - [04/May/2026:18:37:35 +0000] \"GET /health HTTP/1.1\" 200 79 \"-\" \"-\"","service":"devops-prod-api"}
{"level":"info","message":"::1 - - [04/May/2026:18:38:05 +0000] \"GET /health HTTP/1.1\" 200 79 \"-\" \"-\"","service":"devops-prod-api"}
{"level":"info","message":"::1 - - [04/May/2026:18:38:36 +0000] \"GET /health HTTP/1.1\" 200 79 \"-\" \"-\"","service":"devops-prod-api"}
{"level":"info","message":"::1 - - [04/May/2026:18:39:06 +0000] \"GET /health HTTP/1.1\" 200 79 \"-\" \"-\"","service":"devops-prod-api"}
{"level":"info","message":"::1 - - [04/May/2026:18:39:36 +0000] \"GET /health HTTP/1.1\" 200 79 \"-\" \"-\"","service":"devops-prod-api"}
{"level":"info","message":"::1 - - [04/May/2026:18:40:07 +0000] \"GET /health HTTP/1.1\" 200 79 \"-\" \"-\"","service":"devops-prod-api"}
{"level":"info","message":"::1 - - [04/May/2026:18:40:37 +0000] \"GET /health HTTP/1.1\" 200 79 \"-\" \"-\"","service":"devops-prod-api"}
{"level":"info","message":"::1 - - [04/May/2026:18:41:07 +0000] \"GET /health HTTP/1.1\" 200 79 \"-\" \"-\"","service":"devops-prod-api"}
{"level":"info","message":"::1 - - [04/May/2026:18:41:38 +0000] \"GET /health HTTP/1.1\" 200 78 \"-\" \"-\"","service":"devops-prod-api"}
{"level":"info","message":"::1 - - [04/May/2026:18:42:08 +0000] \"GET /health HTTP/1.1\" 200 79 \"-\" \"-\"","service":"devops-prod-api"}
{"level":"info","message":"::1 - - [04/May/2026:18:42:38 +0000] \"GET /health HTTP/1.1\" 200 79 \"-\" \"-\"","service":"devops-prod-api"}
{"level":"info","message":"::1 - - [04/May/2026:18:43:09 +0000] \"GET /health HTTP/1.1\" 200 79 \"-\" \"-\"","service":"devops-prod-api"}
{"level":"info","message":"::1 - - [04/May/2026:18:43:39 +0000] \"GET /health HTTP/1.1\" 200 78 \"-\" \"-\"","service":"devops-prod-api"}
{"level":"info","message":"::1 - - [04/May/2026:18:44:09 +0000] \"GET /health HTTP/1.1\" 200 79 \"-\" \"-\"","service":"devops-prod-api"}
{"level":"info","message":"::1 - - [04/May/2026:18:44:40 +0000] \"GET /health HTTP/1.1\" 200 79 \"-\" \"-\"","service":"devops-prod-api"}
{"level":"info","message":"::1 - - [04/May/2026:18:45:10 +0000] \"GET /health HTTP/1.1\" 200 79 \"-\" \"-\"","service":"devops-prod-api"}
{"level":"info","message":"::1 - - [04/May/2026:18:45:40 +0000] \"GET /health HTTP/1.1\" 200 79 \"-\" \"-\"","service":"devops-prod-api"}
{"level":"info","message":"::1 - - [04/May/2026:18:46:11 +0000] \"GET /health HTTP/1.1\" 200 79 \"-\" \"-\"","service":"devops-prod-api"}
{"level":"info","message":"::1 - - [04/May/2026:18:46:41 +0000] \"GET /health HTTP/1.1\" 200 79 \"-\" \"-\"","service":"devops-prod-api"}
{"level":"info","message":"::1 - - [04/May/2026:18:47:11 +0000] \"GET /health HTTP/1.1\" 200 78 \"-\" \"-\"","service":"devops-prod-api"}
{"level":"info","message":"::1 - - [04/May/2026:18:47:42 +0000] \"GET /health HTTP/1.1\" 200 79 \"-\" \"-\"","service":"devops-prod-api"}
{"level":"info","message":"::1 - - [04/May/2026:18:48:12 +0000] \"GET /health HTTP/1.1\" 200 79 \"-\" \"-\"","service":"devops-prod-api"}
{"level":"info","message":"::1 - - [04/May/2026:18:48:43 +0000] \"GET /health HTTP/1.1\" 200 78 \"-\" \"-\"","service":"devops-prod-api"}
{"level":"info","message":"::1 - - [04/May/2026:18:49:14 +0000] \"GET /health HTTP/1.1\" 200 79 \"-\" \"-\"","service":"devops-prod-api"}
{"level":"info","message":"::1 - - [04/May/2026:18:49:45 +0000] \"GET /health HTTP/1.1\" 200 79 \"-\" \"-\"","service":"devops-prod-api"}
{"level":"info","message":"::1 - - [04/May/2026:18:50:16 +0000] \"GET /health HTTP/1.1\" 200 79 \"-\" \"-\"","service":"devops-prod-api"}
{"level":"info","message":"::1 - - [04/May/2026:18:50:46 +0000] \"GET /health HTTP/1.1\" 200 79 \"-\" \"-\"","service":"devops-prod-api"}
{"level":"info","message":"::1 - - [04/May/2026:18:51:17 +0000] \"GET /health HTTP/1.1\" 200 79 \"-\" \"-\"","service":"devops-prod-api"}
{"level":"info","message":"::1 - - [04/May/2026:18:51:47 +0000] \"GET /health HTTP/1.1\" 200 79 \"-\" \"-\"","service":"devops-prod-api"}
{"level":"info","message":"::1 - - [04/May/2026:18:52:18 +0000] \"GET /health HTTP/1.1\" 200 79 \"-\" \"-\"","service":"devops-prod-api"}
{"level":"info","message":"::1 - - [04/May/2026:18:52:48 +0000] \"GET /health HTTP/1.1\" 200 79 \"-\" \"-\"","service":"devops-prod-api"}
{"level":"info","message":"::1 - - [04/May/2026:18:53:18 +0000] \"GET /health HTTP/1.1\" 200 79 \"-\" \"-\"","service":"devops-prod-api"}
{"level":"info","message":"::1 - - [04/May/2026:18:53:49 +0000] \"GET /health HTTP/1.1\" 200 78 \"-\" \"-\"","service":"devops-prod-api"}
{"level":"info","message":"::1 - - [04/May/2026:18:54:19 +0000] \"GET /health HTTP/1.1\" 200 79 \"-\" \"-\"","service":"devops-prod-api"}
{"level":"info","message":"::1 - - [04/May/2026:18:54:49 +0000] \"GET /health HTTP/1.1\" 200 79 \"-\" \"-\"","service":"devops-prod-api"}
{"level":"info","message":"::1 - - [04/May/2026:18:55:20 +0000] \"GET /health HTTP/1.1\" 200 79 \"-\" \"-\"","service":"devops-prod-api"}
{"level":"info","message":"::1 - - [04/May/2026:18:55:54 +0000] \"GET /health HTTP/1.1\" - - \"-\" \"-\"","service":"devops-prod-api"}
{"level":"info","message":"::1 - - [04/May/2026:18:56:24 +0000] \"GET /health HTTP/1.1\" 200 79 \"-\" \"-\"","service":"devops-prod-api"}
{"level":"info","message":"::1 - - [04/May/2026:18:56:55 +0000] \"GET /health HTTP/1.1\" 200 78 \"-\" \"-\"","service":"devops-prod-api"}
{"level":"info","message":"::1 - - [04/May/2026:18:57:27 +0000] \"GET /health HTTP/1.1\" 200 79 \"-\" \"-\"","service":"devops-prod-api"}
{"level":"info","message":"::1 - - [04/May/2026:18:57:58 +0000] \"GET /health HTTP/1.1\" 200 79 \"-\" \"-\"","service":"devops-prod-api"}
{"level":"info","message":"::1 - - [04/May/2026:18:58:28 +0000] \"GET /health HTTP/1.1\" 200 79 \"-\" \"-\"","service":"devops-prod-api"}
{"level":"info","message":"::1 - - [04/May/2026:18:58:58 +0000] \"GET /health HTTP/1.1\" 200 79 \"-\" \"-\"","service":"devops-prod-api"}
{"level":"info","message":"::1 - - [04/May/2026:18:59:29 +0000] \"GET /health HTTP/1.1\" 200 79 \"-\" \"-\"","service":"devops-prod-api"}
{"level":"info","message":"::1 - - [04/May/2026:18:59:59 +0000] \"GET /health HTTP/1.1\" 200 79 \"-\" \"-\"","service":"devops-prod-api"}
{"level":"info","message":"::1 - - [04/May/2026:19:00:30 +0000] \"GET /health HTTP/1.1\" 200 79 \"-\" \"-\"","service":"devops-prod-api"}
{"level":"info","message":"::1 - - [04/May/2026:19:01:00 +0000] \"GET /health HTTP/1.1\" 200 79 \"-\" \"-\"","service":"devops-prod-api"}
